areaId,N1,w_total,Peri,Malabo,Baney,Luba,Riaba,Moka,Ureka,N2.ti_mal,N2.ti_ban,N2.ti_lub,N2.ti_ria,N2.ti_mok,N2.ti_ure,N2.to,t.ti_mal,t.ti_ban,t.ti_lub,t.ti_ria,t.ti_mok,t.ti_ure,t.to,t_mal,to,ti_ban,ti_mal,ti_lub,ti_ria,ti_mok,ti_ure,d.to,d.ti_ban,d.ti_mal,d.ti_lub,d.ti_ria,d.ti_mok,d.ti_ure,d_mal
152,1,0,1,0,0,0,0,0,0,189560,27025,6434,2187,680,64,1071785,10.008532525046,24.6969906399189,74.6476979171053,78.4792795269231,95.644231724,126.0802031,150.008532525046,10.008532525046,0,0,0,0,0,0,0,242541.665108879,13723.4554519942,7055.64999627052,38360.3887244453,39294.7551053531,47257.8908354543,59571.4711679112,7055.64999627052
153,69,5,1,0,0,0,0,0,0,189560,27025,6434,2187,680,64,1071785,11.5072316869195,26.2535799813514,76.2042872602631,80.035868865,97.20082105,127.6367924,151.50723168692,11.5072316869195,5,0,0,0,0,0,0,241684.184996917,12808.6891469927,6198.16988430894,38808.9863246388,39193.1669780445,47407.2701658802,59830.48487894,6198.16988430894
207,59,8,1,0,0,0,0,0,0,189560,27025,6434,2187,680,64,1071785,15.0111281713333,30.4266898172973,79.1900856594737,83.7244521134615,100.186619448,130.6225908,155.011128171333,15.0111281713333,3,0,0,4,1,0,0,245947.459278106,17198.2749696267,10461.4441654982,35853.2305160583,38978.1928663553,45876.4000421722,57717.9906175714,10461.4441654982
209,47,0,1,0,0,0,0,0,0,189560,27025,6434,2187,680,64,1071785,10.1100739505632,25.3812057720541,74.4181664713158,78.79074562,95.414700254,125.8506716,150.110073950563,10.1100739505632,0,0,0,0,0,0,0,244015.426287168,15273.4227659358,8529.41117455979,36615.922229858,38592.5706241321,46032.1569204204,58131.3356778514,8529.41117455979
211,245,19,1,0,0,0,0,0,0,189560,27025,6434,2187,680,64,1071785,8.68765897749425,23.3147522806757,73.2654595602632,77.0970411642308,94.26199335,124.6979647,148.687658977494,8.68765897749425,17,0,0,2,0,0,0,242122.098517453,13369.821722077,6636.0834048446,37469.6877309144,38307.3638996113,46273.7080859415,58609.8965433481,6636.0834048446
212,39,1,1,0,0,0,0,0,0,189560,27025,6434,2187,680,64,1071785,9.84146775650575,24.0627247508108,74.9727357955263,78.1583526015385,95.96926961,126.405241,149.841467756506,9.84146775650575,1,0,0,0,0,0,0,241202.010476182,12429.0457234136,5715.99536357374,37928.8267694815,38203.1498706049,46426.2564667952,58873.1442688621,5715.99536357374
218,691,26,1,0,0,0,0,0,0,189560,27025,6434,2187,680,64,1071785,10.2764935855517,19.9652174254595,77.9814325571053,74.8963677730769,98.977966348,129.4139377,150.276493585552,10.2764935855517,24,0,0,2,0,0,0,238008.928904904,7123.12895920105,2522.91379229575,41087.729942394,38125.2896169467,47771.8070783908,60774.2980602232,2522.91379229575
219,3185,108,1,0,0,0,0,0,0,189560,27025,6434,2187,680,64,1071785,11.2162886181264,18.1328270248378,79.8102856731579,73.0527375488462,100.806819454,131.2427908,151.216288618126,11.2162886181264,76,14,2,9,4,2,1,238479.488893046,6358.39141699118,2993.47378043828,41674.7526574683,38203.7976566721,48065.0986824652,61142.5454545425,2993.47378043828
220,3384,135,1,0,0,0,0,0,0,189560,27025,6434,2187,680,64,1071785,11.908066565069,18.8173274088649,80.5334459026316,73.7758977807692,101.529979714,131.9659511,151.908066565069,11.908066565069,71,34,1,25,0,4,0,239167.191526763,5666.89927994363,3681.17641415458,42277.2215508896,38308.1938754266,48377.2377597351,61524.8071937786,3681.17641415458
270,43,1,1,0,0,0,0,0,0,189560,27025,6434,2187,680,64,1071785,7.86367387514942,22.4987040074865,72.2978928863158,76.2168889561539,93.294426684,123.730398,147.863673875149,7.86367387514942,1,0,0,0,0,0,0,241831.830688887,13082.3313759397,6345.81557627907,36584.3133757846,37320.3277320009,45289.9577762837,57649.4248557251,6345.81557627907
271,47,4,1,0,0,0,0,0,0,189560,27025,6434,2187,680,64,1071785,7.83318385829885,21.9432929234324,72.8533039694737,76.0389207711538,93.849837754,124.2858091,147.833183858299,7.83318385829885,4,0,0,0,0,0,0,240862.283547468,12119.2490335012,5376.26843486041,37054.4301422161,37213.3493782803,45445.8108306156,57917.0418404658,5376.26843486041
272,247,7,0,1,0,0,0,0,0,189560,27025,6434,2187,680,64,1071785,7.78998300267816,21.3878818403784,73.4087150523684,75.726903215,94.405248844,124.8412202,147.789983002678,7.78998300267816,7,0,0,0,0,0,0,239905.696289703,11162.413835845,4419.6811770953,37545.2345433895,37132.9374814659,45623.0037910723,58200.5738912523,4419.6811770953
273,302,20,0,1,0,0,0,0,0,189560,27025,6434,2187,680,64,1071785,7.80367101235632,20.8324707563243,73.9641261357895,75.3666399353846,94.960659934,125.3966313,147.803671012356,7.80367101235632,20,0,0,0,0,0,0,238972.751011593,10213.581223524,3486.73589898499,38055.9261228531,37079.2647090775,45821.2889827978,58499.7895262352,3486.73589898499
274,545,11,0,1,0,0,0,0,0,189560,27025,6434,2187,680,64,1071785,7.99389874210345,20.2770596725135,74.5195372165789,74.9821245680769,95.516071024,125.9520424,147.993898742103,7.99389874210345,10,0,0,1,0,0,0,238088.993482645,9275.20748837693,2602.97837003689,38585.7151827011,37052.4473150058,46040.3939007809,58814.4493768203,2602.97837003689
275,841,29,0,1,0,0,0,0,0,189560,27025,6434,2187,680,64,1071785,8.11895572326437,19.7216485897838,75.0749483021053,74.5676768269231,96.071482114,126.5074535,148.118955723264,8.11895572326437,29,0,0,0,0,0,0,237326.689889668,8350.81862642139,1840.67477705946,39133.8260795565,37052.5434482358,46280.0227448695,59144.3068771709,1840.67477705946
276,3237,149,0,1,0,0,0,0,0,189560,27025,6434,2187,680,64,1071785,8.25926274463218,19.1662375053243,75.6303593892105,74.0883303584615,96.626893186,127.0628645,148.259262744632,8.25926274463218,121,13,2,8,2,3,0,236898.490123699,7445.62510019246,1412.4750110908,39699.4999184788,37079.5529465767,46539.8585199484,59489.1092502027,1412.4750110908
277,11034,471,0,1,0,0,0,0,0,189560,27025,6434,2187,680,64,1071785,8.72965851979311,18.3331208804054,76.46347601,73.26427123,97.46000982,127.8959812,148.729658519793,8.72965851979311,406,26,1,30,7,1,0,237097.380549439,6567.56817105911,1611.36543683061,40281.9968713204,37133.417039491,46819.5648114813,59848.5982316252,1611.36543683061
278,13054,472,0,1,0,0,0,0,0,189560,27025,6434,2187,680,64,1071785,9.53822423417242,16.4004219111351,78.0778805560526,71.3203324369231,99.074414348,129.5103857,149.538224234172,9.53822423417242,369,45,2,35,18,3,0,237764.681030711,5729.13829171209,2278.66591810284,40880.5975821887,37214.0189591393,47118.7875660934,60222.5106199031,2278.66591810284
279,10886,306,0,1,0,0,0,0,0,189560,27025,6434,2187,680,64,1071785,10.994604125908,17.3195266468378,79.4881935213158,72.2690424761538,100.484727328,130.9206987,150.994604125908,10.994604125908,207,40,5,36,13,5,0,238613.720698612,4950.5100521421,3127.7055860039,41494.6052710851,37321.1855372907,47437.157584834,60610.5796138234,3127.7055860039
280,308,4,0,0,1,0,0,0,0,189560,27025,6434,2187,680,64,1071785,11.6436130501609,16.6519948763514,79.969890495,71.63990676,100.966424308,131.4023957,151.643613050161,11.6436130501609,3,0,0,1,0,0,0,239531.650494283,4264.56590636847,4045.63538167516,42123.3460444165,37454.6886820507,47774.2919736444,61012.5349789894,4045.63538167516
281,551,24,0,0,1,0,0,0,0,189560,27025,6434,2187,680,64,1071785,12.2280617012988,16.1404938478108,80.5253068363158,71.0844904188461,101.521840636,131.957812,152.228061701299,12.2280617012988,22,0,1,1,0,0,0,240480.63100789,3722.89365132426,4994.61589528179,42766.1702325719,37614.2478824038,48129.7964275556,61428.1041635788,4994.61589528179
282,1568,107,0,0,1,0,0,0,0,189560,27025,6434,2187,680,64,1071785,11.3530710337011,14.7787346868649,79.6503161723684,69.4232838230769,100.646849954,131.0828213,151.353071033701,11.3530710337011,63,1,32,8,3,0,0,241445.847671105,3395.26042304868,5959.83255849726,43422.4522239544,37799.5331912285,48503.2669771468,61857.0127306541,5959.83255849726
283,53,8,0,0,1,0,0,0,0,189560,27025,6434,2187,680,64,1071785,11.9084821172184,14.9606840964595,80.2057272534211,69.6540834092308,101.202261044,131.6382324,151.908482117218,11.9084821172184,6,1,1,0,0,0,0,242420.523867014,3345.15870573649,6934.50875440584,44091.5910370894,38010.168272457,48894.2918429712,62298.9850953181,6934.50875440584
329,316,15,1,0,0,0,0,0,0,189560,27025,6434,2187,680,64,1071785,7.82458639417241,22.6297529852703,72.332775238421,76.3250495353846,93.329309036,123.7652804,147.824586394172,7.82458639417241,15,0,0,0,0,0,0,241689.039500274,12865.4191485441,6203.02438766608,35704.661948285,36333.6755085352,44306.6687125586,56690.1121804984,6203.02438766608
330,108,2,1,0,0,0,0,0,0,189560,27025,6434,2187,680,64,1071785,8.5182523724023,22.9169659345405,73.7308313707895,77.0141363123077,94.727365154,125.1633365,148.518252372402,8.5182523724023,1,0,0,0,0,1,0,240692.960841971,11884.7620661594,5206.94572936284,36186.2141949329,36223.783114367,44465.9707490975,56962.2398863474,5206.94572936284
331,484,13,0,1,0,0,0,0,0,189560,27025,6434,2187,680,64,1071785,8.47054607165517,22.3615443437027,74.28625296,76.7069966942308,95.282786748,125.7187581,148.470546071655,8.47054607165517,13,0,0,0,0,0,0,239698.082143576,10907.3658965334,4212.06703096801,36688.6406687542,36141.1693258896,44647.0550635529,57250.5042900574,4212.06703096801
332,123,6,0,1,0,0,0,0,0,189560,27025,6434,2187,680,64,1071785,7.66942273829885,20.9634882127568,73.9990400089474,75.5089751969231,94.99557382,125.4315452,147.669422738299,7.66942273829885,6,0,0,0,0,0,0,238705.515098843,9934.19279174808,3219.4999862352,37211.0960552921,36086.0216199296,44849.6579977925,57554.6631393225,3219.4999862352
333,1881,69,0,1,0,0,0,0,0,189560,27025,6434,2187,680,64,1071785,8.55354058471264,21.2507011619459,75.3970961431579,75.9670870919231,96.393629938,126.8296013,148.553540584713,8.55354058471264,66,0,0,1,2,0,0,237718.344738259,8966.61787337463,2232.32962565056,37752.748672893,36058.4659689255,45073.4892905329,57874.4657383773,2232.32962565056
334,11234,390,0,1,0,0,0,0,0,189560,27025,6434,2187,680,64,1071785,8.70188347305747,20.6952795713513,75.9525177302632,75.5575132576923,96.949051532,127.3850229,148.701883473057,8.70188347305747,369,4,1,11,4,1,0,236749.284478793,8006.67043470793,1263.26936618486,38312.7842882296,36058.5654659244,45318.2342972955,58209.6541819772,1263.26936618486
335,19485,595,0,1,0,0,0,0,0,189560,27025,6434,2187,680,64,1071785,8.07738831611494,19.4872315817838,75.4693802207895,74.3967198046154,96.465914028,126.9018854,148.077388316115,8.07738831611494,382,88,0,95,19,11,0,235936.390945977,7057.46344181781,450.375833369167,38890.408639287,36086.3198279446,45583.5560854166,58559.9642052362,450.375833369167
336,17457,472,0,1,0,0,0,0,0,189560,27025,6434,2187,680,64,1071785,8.64940324634483,18.3763988966216,76.5802129092105,73.3137193561538,97.576746718,128.0127181,148.649403246345,8.64940324634483,391,29,2,34,15,1,0,236382.819688676,6123.99268675704,896.804576067461,39484.8499632596,36141.6653992298,45869.0976967414,58925.1262469815,896.804576067461
337,15012,320,0,1,0,0,0,0,0,189560,27025,6434,2187,680,64,1071785,9.22687076848276,16.1547335776757,77.5249854021053,71.0920540403846,98.521519214,128.9574906,149.226870768483,9.22687076848276,267,21,2,21,8,1,0,237329.952706136,5214.71556472788,1843.93759352773,40095.360057581,36224.4755538329,46174.4838258111,59304.8657645923,1843.93759352773
338,6008,138,0,0,1,0,0,0,0,189560,27025,6434,2187,680,64,1071785,9.48839277782759,15.6167271715946,77.7557887442105,70.5366376961538,98.752322538,129.1882939,149.488392777828,9.48839277782759,88,10,21,14,4,1,0,238312.740692667,4344.84758522676,2826.72558005902,40721.216273981,36334.5624754134,46499.3235070906,59698.9046256859,2826.72558005902
339,3051,96,0,0,1,0,0,0,0,189560,27025,6434,2187,680,64,1071785,10.0139599507126,15.1125825137568,78.3112050892105,69.9812213538462,99.307738886,129.7437102,150.013959950713,10.0139599507126,73,2,14,4,2,1,0,239303.746078447,3543.53083393834,3817.73096583847,41361.7219733013,36471.679208914,46843.2120595932,60106.9616317391,3817.73096583847
340,313,13,0,0,1,0,0,0,0,189560,27025,6434,2187,680,64,1071785,10.5693762938391,14.7154003589189,78.8666214244737,69.4258050130769,99.86315523,130.2991266,150.569376293839,10.5693762938391,8,0,5,0,0,0,0,240297.894149623,2868.795073847,4811.87903701462,42016.2072228948,36635.5222285299,47205.7331774039,60528.7532848903,4811.87903701462
386,572,29,1,0,0,0,0,0,0,189560,27025,6434,2187,680,64,1071785,8.03988599535632,23.3411117818649,70.9720618894737,76.0431586669231,91.968595686,122.404567,148.039885995356,8.03988599535632,27,0,0,2,0,0,0,243694.311833041,14710.3343031184,8208.29672043335,33911.0043355258,35656.334302464,43065.7661927649,55228.5057670837,8208.29672043335
387,204,19,1,0,0,0,0,0,0,189560,27025,6434,2187,680,64,1071785,7.3957442434023,22.3691240245405,70.9613030971052,75.5944484603846,91.957836912,122.3938083,147.395744243402,7.3957442434023,18,0,0,0,0,1,0,242698.631298978,13716.1653548356,7212.61618636953,34359.6516469613,35488.1700884403,43183.4619409465,55471.840380025,7212.61618636953
390,142,9,0,1,0,0,0,0,0,189560,27025,6434,2187,680,64,1071785,7.18787987506897,20.702859252,72.62756787,75.0483116026923,93.624101654,124.060073,147.187879875069,7.18787987506897,8,0,0,0,0,1,0,239719.901717684,10738.6279349272,4233.88660507601,35839.1474085049,35149.5317003374,43671.924430011,56301.9547464576,4233.88660507601
391,1236,61,0,1,0,0,0,0,0,189560,27025,6434,2187,680,64,1071785,7.17021943412644,20.1474376614054,73.1829894594737,74.6929246426923,94.179523248,124.6154946,147.170219434126,7.17021943412644,60,1,0,0,0,0,0,238733.997975813,9748.61442138761,3247.98286320494,36373.812512347,35092.8258296719,43879.032857641,56611.213954145,3247.98286320494
392,136,11,0,1,0,0,0,0,0,189560,27025,6434,2187,680,64,1071785,7.25209493685057,19.5920160711622,73.738411051579,74.3084020061538,94.734944842,125.1709162,147.252094936851,7.25209493685057,11,0,0,0,0,0,0,237759.218365124,8760.55638960365,2273.20325251571,36927.7544882098,35064.4900004733,44107.7929245732,56936.3198950282,2273.20325251571
393,6916,298,0,1,0,0,0,0,0,189560,27025,6434,2187,680,64,1071785,7.39650265297701,19.0365944805405,74.2938326434211,73.8988281642308,95.290366438,125.7263378,147.396502652977,7.39650265297701,263,4,2,24,3,2,0,236820.171122476,7775.19902033164,1334.15600986779,37500.1191704255,35064.5930320179,44357.869725174,57277.0028220366,1334.15600986779
394,13462,449,0,1,0,0,0,0,0,189560,27025,6434,2187,680,64,1071785,7.87502821817241,18.8730186675135,75.1269650239474,73.8166903180769,96.12349883,126.5594702,147.875028218172,7.87502821817241,369,31,1,25,18,5,0,236108.065783872,6793.71731610879,622.05067126411,38090.0758081937,35093.1344182403,44628.9046571989,57632.9862434862,622.05067126411
395,15397,475,0,1,0,0,0,0,0,189560,27025,6434,2187,680,64,1071785,8.59503738402299,18.513517310973,76.3766635836842,73.4755166296154,97.37319736,127.8091687,148.595037384023,8.59503738402299,319,90,5,44,6,10,1,236480.184654585,5818.07261438063,994.169541977185,38696.8199743343,35150.0450312123,44920.5185338321,58003.9886391058,994.169541977185
396,4531,132,0,1,0,0,0,0,0,189560,27025,6434,2187,680,64,1071785,8.92725135718391,16.3583367666486,76.9720903539474,71.3203360823077,97.968624146,128.4045955,148.927251357184,8.92725135718391,96,7,0,25,3,0,1,237379.225847805,4851.78707817209,1893.21073519691,39319.5744031492,35235.1872575866,45232.3132033132,58389.7235996328,1893.21073519691
397,481,41,0,1,0,0,0,0,0,189560,27025,6434,2187,680,64,1071785,9.36866369355173,15.8116934639189,77.5275119457895,70.7649197426923,98.52404574,128.9600171,149.368663693552,9.36866369355173,30,5,3,3,0,0,0,238345.13470732,3901.8198418899,2859.11959471165,39957.590478161,35348.3570456922,45563.8743349858,58789.9011031665,2859.11959471165
398,3320,137,0,0,1,0,0,0,0,189560,27025,6434,2187,680,64,1071785,11.0346958451149,16.5433106120811,79.1937766631579,71.6399064453846,100.19031045,130.6262818,151.034695845115,11.0346958451149,84,1,42,5,0,5,0,239327.801792592,2983.79706931724,3841.78667998437,40610.1489775139,35489.2862501764,45914.7737492726,59204.2283411229,3841.78667998437
399,574,21,0,0,1,0,0,0,0,189560,27025,6434,2187,680,64,1071785,11.1895075339195,15.0772417355946,79.4867526726315,69.9165274461538,100.483286454,130.9192578,151.18950753392,11.1895075339195,17,0,4,0,0,0,0,240317.011034322,2139.24690648232,4830.99592171399,41276.5600274614,35657.6457429269,46284.5715700754,59632.4103153322,4830.99592171399
401,70,4,0,0,1,0,0,0,0,189560,27025,6434,2187,680,64,1071785,12.3003402200575,14.0991409877838,80.5975853560526,67.6948410819231,101.594119146,132.0300905,152.300340220057,12.3003402200575,0,0,4,0,0,0,0,242303.655430214,1380.75385870627,6817.64031760593,42648.328963327,36075.0564435996,47079.0581730658,60529.1527491136,6817.64031760593
443,25,3,1,0,0,0,0,0,0,189560,27025,6434,2187,680,64,1071785,27.3714005033333,45.0153396954054,85.1161581252632,92.4273814434615,106.11269193,136.5486633,167.371400503333,27.3714005033333,2,0,0,0,0,1,0,245792.796587684,16650.0615882522,10306.7814750758,32172.113549422,35107.9750072083,41907.0006790257,53819.7374248714,10306.7814750758
445,95,2,1,0,0,0,0,0,0,189560,27025,6434,2187,680,64,1071785,7.97472363247126,23.7406025386486,69.5898245836842,75.3026296926923,90.586358382,121.0223297,147.974723632471,7.97472363247126,2,0,0,0,0,0,0,243824.917533236,14653.2867596248,8338.90242062788,33019.9817041956,34679.3333550826,42077.4674815124,54262.8102210168,8338.90242062788
447,301,13,1,0,0,0,0,0,0,189560,27025,6434,2187,680,64,1071785,7.85490020881609,22.6297593568378,71.8115527894737,76.1045360211538,92.808086586,123.2440579,147.854900208816,7.85490020881609,12,0,0,0,0,1,0,241875.293008215,12656.6702477495,6389.27789560675,33964.3035470668,34361.65511869,42341.6027729024,54775.2073053633,6389.27789560675
448,34,0,1,0,0,0,0,0,0,189560,27025,6434,2187,680,64,1071785,8.70350859467816,22.9169656203243,73.730831055,77.0141359976923,94.727364846,125.1633362,148.703508594678,8.70350859467816,0,0,0,0,0,0,0,240913.483364297,11658.4463654176,5427.46825168906,34470.1888284756,34245.4342386918,42508.2744363757,55056.8076523989,5427.46825168906
449,93,6,0,1,0,0,0,0,0,189560,27025,6434,2187,680,64,1071785,8.66784962697701,22.3615440286757,74.2862526465789,76.70699638,95.28278644,125.7187578,148.667849626977,8.66784962697701,4,2,0,0,0,0,0,239967.805295558,10660.2993586349,4481.79018294949,34997.2716113008,34158.0358616072,42697.667782279,55355.003229728,4481.79018294949
450,2729,72,0,1,0,0,0,0,0,189560,27025,6434,2187,680,64,1071785,7.86510929937931,20.9634945841892,73.9990463842105,75.5089815726923,94.995580182,125.4315515,147.865109299379,7.86510929937931,16,30,0,19,1,6,0,239051.118660925,9662.25282680022,3565.10354831669,35544.608684308,34099.681345063,42909.4817015852,55669.5271322708,3565.10354831669
451,3833,105,0,1,0,0,0,0,0,189560,27025,6434,2187,680,64,1071785,8.59226822856322,20.474599703973,75.3970958236842,75.2982093096154,96.39362963,126.829601,148.592268228563,8.59226822856322,67,6,1,25,3,3,0,238193.037043152,8664.34135203011,2707.0219305442,36111.2790447244,34070.5199642054,43143.3859954421,56000.104259725,2707.0219305442
452,4216,147,0,1,0,0,0,0,0,189560,27025,6434,2187,680,64,1071785,7.48491545972414,18.808319277,74.5221130836842,73.7232324596154,95.51864686,125.9546182,147.484915459724,7.48491545972414,90,20,0,32,2,3,0,237471.07209445,7666.61715935267,1985.05698184168,36696.3871155644,34070.6266115926,43399.0234870486,56346.4520946905,1985.05698184168
453,2600,122,0,1,0,0,0,0,0,189560,27025,6434,2187,680,64,1071785,7.73828431878161,18.252892450973,75.0775346728947,73.2148917665385,96.074068456,126.5100398,147.738284318782,7.73828431878161,109,3,0,6,1,3,0,237082.075939992,6669.16403217892,1596.06082738376,37299.065164923,34100.0009596615,43676.0125208345,56708.2816455985,1596.06082738376
454,3624,128,0,1,0,0,0,0,0,189560,27025,6434,2187,680,64,1071785,8.04453051472414,17.697465623,75.6329614986842,72.6594649419231,96.629495312,127.0654667,148.044530514724,8.04453051472414,115,1,0,5,7,0,0,237260.512581996,5672.12464989943,1774.49746938755,37918.4753024441,34158.5673504337,43973.9494865788,57085.2984012973,1774.49746938755
455,508,12,0,1,0,0,0,0,0,189560,27025,6434,2187,680,64,1071785,8.78905654844827,16.5953953925135,76.743815151579,71.5486217696154,97.740348944,128.1763203,148.789056548448,8.78905654844827,4,5,0,2,1,0,0,237882.833822894,4675.76342398792,2396.81871028639,38553.8111191327,34246.1761511661,44292.4117769151,57477.203616981,2396.81871028639
457,885,32,0,0,1,0,0,0,0,189560,27025,6434,2187,680,64,1071785,11.7197697068851,17.4838599076216,79.8786179581579,72.6594844730769,100.875151748,131.3111231,151.719769706885,11.7197697068851,6,1,23,0,1,1,0,239599.399231576,2688.08920664106,4113.38411896815,39869.1953149437,34507.5623197621,44989.140437144,58304.4668772851,4113.38411896815
458,280,17,0,0,1,0,0,0,0,189560,27025,6434,2187,680,64,1071785,13.5853856215172,17.1751633910541,81.8826307581579,72.201726395,102.879164548,133.3151359,153.585385621517,13.5853856215172,8,0,9,0,0,0,0,240535.689551042,1702.67800804203,5049.67443843413,40547.7931591596,34680.6902393581,45366.4883453856,58739.2129443103,5049.67443843413
459,615,23,0,0,1,0,0,0,0,189560,27025,6434,2187,680,64,1071785,13.680056124954,15.3179408323784,81.9773012602632,69.1822845207692,102.973835048,133.4098064,153.680056124954,13.680056124954,4,1,13,3,1,1,0,241492.091351718,752.929105411579,6006.07623911044,41239.4155053485,34881.5691920847,45762.5293852243,59187.6249968645,6006.07623911044
460,2731,227,0,0,1,0,0,0,0,189560,27025,6434,2187,680,64,1071785,13.3123279362644,14.0376854842973,81.6095730744737,67.2382906757692,102.606106856,133.0420782,153.312327936264,13.3123279362644,27,3,162,25,9,0,1,242460.335466125,478.738648356618,6974.32035351684,41943.4180297643,35109.7228902176,46176.7826092053,59649.3948563722,6974.32035351684
502,2028,55,1,0,0,0,0,0,0,189560,27025,6434,2187,680,64,1071785,9.43699057351724,26.6148043437838,66.7156227781579,74.0268460888462,87.71215657,118.1481279,149.436990573517,9.43699057351724,31,6,3,11,3,1,0,245991.615630978,16659.1239803938,10505.60051837,31263.1353219867,34144.2303868989,40914.8613844941,52846.9926264297,10505.60051837
503,63,1,1,0,0,0,0,0,0,189560,27025,6434,2187,680,64,1071785,8.81133148097701,25.5039402414324,67.8264868823684,74.6113134746154,88.82302067,119.258992,148.811331480977,8.81133148097701,1,0,0,0,0,0,0,245026.662972545,15661.2877950478,9540.64785993712,31686.3305736273,33909.790219649,40990.0793880835,53063.6540064316,9540.64785993712
504,225,16,1,0,0,0,0,0,0,189560,27025,6434,2187,680,64,1071785,8.6006501678046,24.9846158987838,68.9373509839474,75.2673952026923,89.933884782,120.3698561,148.600650167805,8.6006501678046,13,0,1,1,1,0,0,244069.418387797,14663.5615837304,8583.40327518912,32135.0057232567,33703.3311780813,41089.4479499672,53298.1588004384,8583.40327518912
505,187,12,1,0,0,0,0,0,0,189560,27025,6434,2187,680,64,1071785,8.55824602066667,24.3930970604054,70.048215086579,75.8282100476923,91.044748884,121.4807202,148.558246020667,8.55824602066667,9,0,3,0,0,0,0,243122.780921434,13665.969483709,7636.76580882569,32608.1087575695,33525.3700852349,41212.7922042143,53550.272403707,7636.76580882569
506,295,10,1,0,0,0,0,0,0,189560,27025,6434,2187,680,64,1071785,8.43054051045977,23.8737727166486,71.1590791894737,76.3631158280769,92.155612986,122.5915843,148.43054051046,8.43054051045977,10,0,0,0,0,0,0,242191.312888663,12668.5956200305,6705.29777605496,33104.515879141,33376.3105228523,41359.8310196371,53819.6764064574,6705.29777605496
507,75,1,1,0,0,0,0,0,0,189560,27025,6434,2187,680,64,1071785,8.5888220802069,23.3164700784865,72.2699432913158,76.6946497296154,93.266477106,123.7024484,148.588822080207,8.5888220802069,1,0,0,0,0,0,0,241282.092687059,11671.3238262491,5796.07757445135,33623.4210512434,33256.6984192059,41530.5118989443,54106.3244606251,5796.07757445135
508,486,9,0,1,0,0,0,0,0,189560,27025,6434,2187,680,64,1071785,8.50689822188506,22.205605976,73.3808073936842,76.3861615830769,94.377341208,124.8133126,148.506898221885,8.50689822188506,8,0,0,0,1,0,0,240407.747483846,10674.3704768783,4921.7323712375,34163.5763759481,33166.6944003564,41724.3462511044,54409.7331017881,4921.7323712375
509,2573,34,0,1,0,0,0,0,0,189560,27025,6434,2187,680,64,1071785,8.37267317629885,21.0947418732162,74.4916714965789,75.695825445,95.48820531,125.9241767,148.372673176299,8.37267317629885,22,7,0,1,1,3,0,239590.511610094,9677.76455681514,4104.49649748576,34724.0633276965,33106.5927698161,41941.0789744025,54729.6936003946,4104.49649748576
510,1065,19,0,1,0,0,0,0,0,189560,27025,6434,2187,680,64,1071785,8.39381184560919,19.9838777711351,75.6025355986842,74.8878137261539,96.599069412,127.0350408,148.393811845609,8.39381184560919,11,3,2,3,0,0,0,238871.991775117,8681.62548844346,3385.97666250853,35303.913340444,33076.556266395,42180.3568549308,55065.9172075421,3385.97666250853
511,2095,62,0,1,0,0,0,0,0,189560,27025,6434,2187,680,64,1071785,8.15425556298851,19.4284509437838,75.3514553376316,74.3593940553846,96.347989136,126.7839605,148.154255562989,8.15425556298851,55,1,0,3,2,1,0,238328.071492565,7686.13441516037,2842.05637995684,35902.1882403063,33076.6667333697,42441.7985576126,55418.1079155546,2842.05637995684
512,1051,34,0,1,0,0,0,0,0,189560,27025,6434,2187,680,64,1071785,9.25595828406897,19.9115769118919,76.7362191302632,74.8735762315385,97.732752932,128.1687243,149.255958284069,9.25595828406897,30,0,0,1,2,1,0,238071.40230489,6691.58036546678,2585.38719228178,36517.982438592,33106.923909759,42724.9972353561,55785.9633350202,2585.38719228178
513,292,21,0,1,0,0,0,0,0,189560,27025,6434,2187,680,64,1071785,9.58445486474712,19.3561500848919,77.2916459586842,74.3181494080769,98.288179748,128.7241511,149.584454864747,9.58445486474712,14,2,0,3,0,1,1,238185.21153197,5698.45350931426,2699.19641936202,37150.4247692394,33167.2452347814,43029.5232925568,56169.175700955,2699.19641936202
514,1165,89,0,1,0,0,0,0,0,189560,27025,6434,2187,680,64,1071785,10.2189569466782,18.2540798543784,78.4024996115789,73.2073062357692,99.39903342,129.8350048,150.218956946678,10.2189569466782,74,2,1,7,4,1,0,238629.513880057,4707.65680543525,3143.49876744886,37798.679455523,33257.466966958,43354.9271836474,56567.432787059,3143.49876744886
519,732,48,0,0,1,0,0,0,0,189560,27025,6434,2187,680,64,1071785,15.2325651500345,15.6880440895946,83.5447049542105,68.8704067646154,104.541238744,134.9772101,155.232565150034,15.2325651500345,3,6,22,13,4,0,0,242750.890455471,726.801370841683,7264.87534286266,41250.4187129411,34146.0385042695,45278.3519782239,58773.2818894553,7264.87534286266
560,61,1,1,0,0,0,0,0,0,189560,27025,6434,2187,680,64,1071785,10.391855001954,28.1822229183784,65.1482042021053,73.1111093315384,86.144738008,116.5807094,150.391855001954,10.391855001954,1,0,0,0,0,0,0,247225.706305862,17721.4572600882,11739.691193254,29950.854737005,33451.6575815551,39870.6160231708,51672.7210325507,11739.691193254
564,294,29,1,0,0,0,0,0,0,189560,27025,6434,2187,680,64,1071785,10.3465769869425,26.3282285745946,71.6803334097368,77.5652175573077,92.67686722,123.1128386,150.346576986943,10.3465769869425,20,0,4,4,1,0,0,243513.088898999,13749.0368766155,8027.0737863911,31742.7932115118,32545.1243886316,40228.1029972679,52591.3453202238,8027.0737863911
571,603,16,1,0,0,0,0,0,0,189560,27025,6434,2187,680,64,1071785,10.6645439937126,22.1714333726757,78.0944377681579,77.1023764873077,99.090971554,129.5269429,150.664543993713,10.6645439937126,13,0,0,1,1,0,1,239063.35995387,6859.52574221297,3577.34484126172,35747.4783511733,32113.9085827883,41775.9870064113,54866.1516651566,3577.34484126172
573,17,0,0,1,0,0,0,0,0,189560,27025,6434,2187,680,64,1071785,12.6400813244138,21.018553417,81.1669731781579,75.9717797961539,102.163506958,132.5994783,152.640081324414,12.6400813244138,0,0,0,0,0,0,0,239485.362261024,4943.44476351182,3999.34714841568,37054.829252974,32269.0875055238,42420.0196369183,55660.5458710437,3999.34714841568
574,80,0,1,0,0,0,0,0,0,189560,27025,6434,2187,680,64,1071785,13.7124007779655,22.1726261385405,82.3210458986842,77.1258525192308,103.317579712,133.7535511,153.712400777966,13.7124007779655,0,0,0,0,0,0,0,240023.109919744,4015.19016903094,4537.09480713548,37731.1822603671,32392.6270199312,42773.39833555,56080.2159095846,4537.09480713548
582,195,1,0,0,1,0,0,0,0,189560,27025,6434,2187,680,64,1071785,18.1134278328161,12.8824395188919,86.2836462868421,61.8817638961539,105.467772538,137.8431781,158.113427832816,18.1134278328161,0,0,1,0,0,0,0,246848.703462384,4625.80668267065,11362.6883497762,43590.363690998,34424.0664333995,46284.3498800003,59933.1742589875,11362.6883497762
586,61,7,0,0,1,0,0,0,0,189560,27025,6434,2187,680,64,1071785,23.4456562478161,13.6178193494865,90.7900626721053,59.8475940157692,103.433602648,143.1754065,163.445656247816,23.4456562478161,1,0,3,2,1,0,0,250692.628303994,8479.68061728074,15206.6131913858,46757.256423691,36066.1666234294,48440.3584754375,62156.0653005851,15206.6131913858
587,9,0,0,0,1,0,0,0,0,189560,27025,6434,2187,680,64,1071785,22.9840271416092,13.8344566376757,90.4830614978947,60.3092379869231,103.895246632,142.7137774,162.984027141609,22.9840271416092,0,0,0,0,0,0,0,251665.010256209,9461.39596255224,16178.9951436013,47568.4672618027,36533.4693929999,49015.4417872629,62739.2472454153,16178.9951436013
617,10,0,1,0,0,0,0,0,0,189560,27025,6434,2187,680,64,1071785,44.7968315982759,64.2710296348649,96.4676325463158,105.347725823077,117.46416634,147.9001377,184.796831598276,44.7968315982759,0,0,0,0,0,0,0,249434.932274123,19818.6884478809,13948.9171615148,28284.9737097103,33137.7575504276,38847.1764586266,50342.294234234,13948.9171615148
618,63,1,1,0,0,0,0,0,0,189560,27025,6434,2187,680,64,1071785,12.1859718801149,30.8605128286487,63.1191344181579,71.9873010273077,84.115668224,114.5516396,152.185971880115,12.1859718801149,1,0,0,0,0,0,0,248495.413588648,18829.3751349862,13009.39847604,28647.7706539671,32805.0339256416,38849.4244271672,50510.4645691589,13009.39847604
630,29,4,1,0,0,0,0,0,0,189560,27025,6434,2187,680,64,1071785,13.2721846150345,24.9359064133784,80.8589108068421,79.8668495276923,101.855444618,132.291416,153.272184615034,13.2721846150345,3,0,0,0,1,0,0,240056.235623263,7162.77050903153,4570.22051065522,34988.2519807176,31120.9609775709,40829.1217897815,53948.9750071581,4570.22051065522
633,67,0,1,0,0,0,0,0,0,189560,27025,6434,2187,680,64,1071785,16.2431961805862,24.9370991801081,85.0855189373684,79.8903255553846,106.082052736,136.5180241,156.243196180586,16.2431961805862,0,0,0,0,0,0,0,240840.901966959,4513.71475344873,5354.88685435115,37012.6903156944,31408.4966521182,41849.1180941159,55183.2352379834,5354.88685435115
634,175,4,1,0,0,0,0,0,0,189560,27025,6434,2187,680,64,1071785,17.4059067235517,26.0736792075676,86.2396102634211,81.0444168807692,107.236144052,137.6721154,157.405906723552,17.4059067235517,0,1,1,2,0,0,0,241424.013845084,3748.62767674761,5937.99873247547,37716.2651241085,31567.0286565012,42230.9123782289,55624.4535170306,5937.99873247547
644,32,1,0,0,1,0,0,0,0,189560,27025,6434,2187,680,64,1071785,23.0134772011494,12.7559232771351,90.1487592163158,58.2801682084615,101.866176842,142.7432275,163.013477201149,23.0134772011494,0,0,1,0,0,0,0,250005.248947606,7780.6638129343,14519.2338349978,45365.431743233,34728.2513473265,47055.3778494769,60767.9286748499,14519.2338349978
645,3228,201,0,0,1,0,0,0,0,189560,27025,6434,2187,680,64,1071785,24.1243621316092,13.2792770866216,91.1400471307895,58.7418121761538,102.327820826,143.8541124,164.124362131609,24.1243621316092,26,11,134,23,5,1,1,250956.398321012,8726.82041517902,15470.3832084042,46179.4988298823,35184.9767417708,47626.242757494,61348.0481778985,15470.3832084042
646,67,4,0,0,1,0,0,0,0,189560,27025,6434,2187,680,64,1071785,24.9191582916092,14.7045313771351,92.146547681579,60.6858607530769,104.271869412,144.6489086,164.919158291609,24.9191582916092,1,0,1,1,1,0,0,251913.183518526,9683.52216407142,16427.168405918,47000.6909693361,35663.8326787322,48211.0443154105,61938.8446234151,16427.168405918
676,38,1,1,0,0,0,0,0,0,189560,27025,6434,2187,680,64,1071785,14.075303307908,33.2611484875676,62.3810355684211,71.7093977826923,83.377569362,113.8135407,154.075303307908,14.075303307908,0,0,1,0,0,0,0,249791.25935652,19975.2959223449,14305.2442439117,27355.198589839,32207.1282255733,37853.1533793506,49361.0726596651,14305.2442439117
677,35,0,1,0,0,0,0,0,0,189560,27025,6434,2187,680,64,1071785,12.4095783453103,31.3170817513514,62.0133453713158,71.1464667038461,83.009879162,113.4458505,152.40957834531,12.4095783453103,0,0,0,0,0,0,0,248876.754647991,18994.1309462521,13390.7395353825,27730.1672679332,31864.6861503033,37855.4614162798,49532.5772261144,13390.7395353825
693,5,0,0,1,0,0,0,0,0,189560,27025,6434,2187,680,64,1071785,20.0264915552184,28.8381517275676,89.0040827863158,83.80888941,110.000616578,140.4365879,160.026491555218,20.0264915552184,0,0,0,0,0,0,0,242218.460449782,4503.37110383942,6732.44533717429,37024.1910609305,30588.644435165,41318.4193735263,54738.0635073195,6732.44533717429
704,9,1,0,0,1,0,0,0,0,189560,27025,6434,2187,680,64,1071785,25.4140920325287,14.1027561397297,92.1791366657895,58.8116106315385,102.397619258,145.1438423,165.414092032529,25.4140920325287,0,0,0,1,0,0,0,251278.442462874,9076.680878956,15792.4273502662,45616.0887787861,34309.9570117884,46819.0776001873,60545.5691556523,15792.4273502662
734,37,6,1,0,0,0,0,0,0,189560,27025,6434,2187,680,64,1071785,15.8390125758966,35.6275548686486,59.7077916242105,69.6176519603846,80.70432543,111.1402968,155.839012575897,15.8390125758966,2,1,0,2,0,0,1,251106.742028836,21153.0459114557,15620.7269162279,26074.7032772252,31660.7017593298,36883.8232767318,48225.4658876152,15620.7269162279
735,165,1,1,0,0,0,0,0,0,189560,27025,6434,2187,680,64,1071785,14.3490938851954,33.9903106118919,59.3401165073684,69.1034880969231,80.336650314,110.7726217,154.349093885195,14.3490938851954,1,0,0,0,0,0,0,250206.20872871,20179.713487141,14720.1936161022,26430.1053052181,31280.4032964977,36859.1336860871,48380.3765434162,14720.1936161022
736,25,1,1,0,0,0,0,0,0,189560,27025,6434,2187,680,64,1071785,31.6772230672414,51.5156750435135,78.5214511613158,88.0937492630769,99.51798495,129.9539563,171.677223067241,31.6772230672414,0,0,0,1,0,0,0,249319.153777957,19208.9824147189,13833.1386653493,26818.0164683827,30927.69918412,36861.5049009998,48555.3478580529,13833.1386653493
764,86,5,0,0,1,0,0,0,0,189560,27025,6434,2187,680,64,1071785,51.5791702954023,37.461047302973,117.413774348947,80.5570961457692,124.1431048,171.3089206,191.579170295402,51.5791702954023,1,0,4,0,0,0,0,252572.992918217,10402.1518263604,17086.9778056089,45908.6674752403,33945.0605519884,46624.2035868082,60355.31621839,17086.9778056089
792,247,30,1,0,0,0,0,0,0,189560,27025,6434,2187,680,64,1071785,17.4254084195402,37.5018861713513,59.0636838947368,69.2641333461538,80.0602177,110.4961891,157.42540841954,17.4254084195402,3,17,9,1,0,0,0,252437.292543247,22357.5970761172,16951.2774306393,24808.156187701,31168.4631385698,35943.6146864126,47104.6419215209,16951.2774306393
793,141,3,1,0,0,0,0,0,0,189560,27025,6434,2187,680,64,1071785,15.5922477242414,35.5577651913514,57.7726619257895,67.897753805,78.76919573,109.2051671,155.592247724241,15.5922477242414,2,0,1,0,0,0,0,251549.260246192,21392.4402952325,16063.2451335838,25141.7962175665,30749.6524318468,35890.4902662725,47242.1114115067,16063.2451335838
794,26,1,1,0,0,0,0,0,0,189560,27025,6434,2187,680,64,1071785,16.0823227692414,35.9254403091892,59.4099316605263,69.3885318473077,80.406465456,110.8424368,156.082322769241,16.0823227692414,0,0,1,0,0,0,0,250674.976522536,20430.5059876118,15188.9614099278,25510.2031136106,30357.9401692973,35865.1175342926,47400.2383996439,15188.9614099278
851,17,4,1,0,0,0,0,0,0,189560,27025,6434,2187,680,64,1071785,16.9678407574598,37.1252269224324,57.1285545581579,67.5088274811538,78.125088354,108.5610597,156.96784075746,16.9678407574598,1,0,0,3,0,0,0,252902.766172691,22627.949260176,17416.7510600825,23867.144371648,30275.2500246191,34951.833629744,46118.8140983255,17416.7510600825
882,198,5,0,0,1,0,0,0,0,189560,27025,6434,2187,680,64,1071785,28.167288564023,13.4464245350811,92.3753407057895,51.8278927407692,95.413901384,144.7553257,168.167288564023,28.167288564023,0,0,5,0,0,0,0,253429.901822192,11425.5952407637,17943.8867095843,44878.190198919,32257.2579226908,45069.2060990083,58796.3720411747,17943.8867095843
910,52,2,1,0,0,0,0,0,0,189560,27025,6434,2187,680,64,1071785,20.0828844186782,40.4425908651351,57.3109730255263,68.0441540342308,78.30750683,108.7434782,160.082884418678,20.0828844186782,0,0,2,0,0,0,0,253411.332112296,22938.2296124241,17925.3169996879,22930.6121437283,29388.5150966658,33960.1873396352,45133.3487916951,17925.3169996879
941,254,20,0,0,1,0,0,0,0,189560,27025,6434,2187,680,64,1071785,29.2730765806897,13.7751723233513,92.5746172005263,50.7221047261538,94.308113354,143.6495376,169.27307658069,29.2730765806897,1,0,19,0,0,0,0,253923.929551871,12028.2353008646,18437.9144392627,44387.380827688,31426.532941335,44304.6989119581,58026.7393406452,18437.9144392627
969,51,8,1,0,0,0,0,0,0,189560,27025,6434,2187,680,64,1071785,18.943968842,39.3368174181081,53.9936097022895,64.8969130080769,74.9901435,105.4261149,158.943968842,18.943968842,1,0,7,0,0,0,0,253959.431769932,23286.8421439783,18473.4166573235,21999.1314832806,28508.8627308238,32968.6878498784,44148.2701582545,18473.4166573235
970,35,8,1,0,0,0,0,0,0,189560,27025,6434,2187,680,64,1071785,18.5396605572184,38.8751292416216,54.4553124827368,65.28758571,75.451846278,105.8878176,158.539660557218,18.5396605572184,6,0,2,0,0,0,0,253148.07134322,22361.7992616798,17662.0562306118,22374.7115491853,28050.3594106122,32910.7629700513,44294.9230691816,17662.0562306118
1000,140,18,0,0,1,0,0,0,0,189560,27025,6434,2187,680,64,1071785,31.2082051965517,15.0511536447027,93.4902340992106,50.7919437546154,94.377952414,143.7193767,171.208205196552,31.2082051965517,2,0,14,0,2,0,0,254457.22046064,12680.2596364102,18971.2053480321,43913.5919196342,30605.5485821579,43549.4628157812,57264.0197850965,18971.2053480321
1027,70,4,1,0,0,0,0,0,0,189560,27025,6434,2187,680,64,1071785,20.4574603292299,40.9043005102703,52.4261266096053,63.5705811603846,73.42266041,103.8586318,160.45746032923,20.4574603292299,2,1,0,0,1,0,0,255348.229910577,24588.4159263514,19862.2147979686,20722.3600221527,28137.7028642769,32068.0909411094,43036.2856961839,19862.2147979686
1028,426,30,1,0,0,0,0,0,0,189560,27025,6434,2187,680,64,1071785,19.998915756069,40.4426050240541,52.8878293900789,63.9612532992308,73.884363188,104.3203345,159.998915756069,19.998915756069,8,8,6,6,2,0,0,254543.654498556,23672.0934076853,19057.6393859479,21073.3721446832,27636.9691154037,31977.3486972785,43163.6045590761,19057.6393859479
1058,168,11,0,0,1,0,0,0,0,189560,27025,6434,2187,680,64,1071785,31.9463401744828,14.8085163768108,91.9040310973684,48.0488484234615,91.634857054,140.9762813,171.946340174483,31.9463401744828,2,0,8,1,0,0,0,254229.325445221,12698.8749630742,18743.3103326133,42567.8234965972,29220.1938446172,42144.1761010688,55860.2459500695,18743.3103326133
1116,233,23,0,0,1,0,0,0,0,189560,27025,6434,2187,680,64,1071785,33.5138230617241,15.5287096394324,91.3265324110526,46.4813582434615,90.067366886,139.4087912,173.513823061724,33.5138230617241,2,0,18,0,3,0,0,254105.551225305,12872.6279845107,18619.5361126965,41226.27472224,27837.2209432245,40739.1479815568,54456.7425017459,18619.5361126965
1175,403,46,0,0,1,0,0,0,0,189560,27025,6434,2187,680,64,1071785,35.9096953233333,17.4585932248108,92.6576160205263,47.3210009376923,90.907009582,140.2484339,175.909695323333,35.9096953233333,9,15,21,0,1,0,0,254787.97007607,13701.960988206,19301.9549634617,40788.4447238214,27016.8805141617,39990.6920747587,53698.5090541468,19301.9549634617
1291,3,0,0,0,1,0,0,0,0,189560,27025,6434,2187,680,64,1071785,38.2163359628736,18.1981494741351,89.1572446552632,41.7788453411538,85.364853978,134.7062783,178.216335962874,38.2163359628736,0,0,0,0,0,0,0,254958.558318302,14577.1978285677,19472.5432056935,38140.9391004507,24247.8755350795,37178.1213966754,50889.4162787662,19472.5432056935
1292,330,48,0,0,1,0,0,0,0,189560,27025,6434,2187,680,64,1071785,37.7546114087356,17.9286832108108,89.4002795592105,42.2405986980769,85.82660734,135.1680316,177.754611408736,37.7546114087356,5,0,41,2,0,0,0,255578.754109393,14970.8213740833,20092.7389967846,39054.7383190687,24817.4013256386,37845.4500950481,51542.1284005159,20092.7389967846
1320,25,0,0,0,0,1,0,0,0,189560,27025,6434,2187,680,64,1071785,26.8949116302184,47.2643872202703,46.0178729667105,57.4356933042308,66.970283606,97.40625497,166.894911630218,26.8949116302184,0,0,0,0,0,0,0,260029.91407064,28620.3836067836,24543.8989580317,15373.0470813251,25267.7006766854,27453.6162794915,37893.7768969546,24543.8989580317
1321,246,50,0,0,0,1,0,0,0,189560,27025,6434,2187,680,64,1071785,48.4012524834483,68.8160437524324,67.9807349584211,80.6187142903846,90.15330461,120.589276,188.401252483448,48.4012524834483,6,3,39,0,1,1,0,259299.826410681,27765.3027730268,23813.8112980731,15716.5969753253,24627.9547266104,27274.4943696683,37985.8179400312,23813.8112980731
1407,244,27,0,0,1,0,0,0,0,189560,27025,6434,2187,680,64,1071785,41.3513797050575,20.3589294917297,87.3759691342105,38.6438016003846,82.22981024,131.5712345,181.351379705057,41.3513797050575,3,0,22,0,1,1,0,255527.892300239,15910.0359838765,20041.8771876311,35519.6620997961,21491.6713580313,34366.4610954699,48081.3755957653,20041.8771876311
1408,66,6,0,0,1,0,0,0,0,189560,27025,6434,2187,680,64,1071785,40.8896407166667,20.0044385684054,87.6433030484211,39.1055549546154,82.691563606,132.0329879,180.889640716667,40.8896407166667,0,0,6,0,0,0,0,256034.153422042,16148.3940973391,20548.1383094344,36444.4566482066,22041.9036834918,35030.3985542297,48730.7573258685,20548.1383094344
1438,128,21,0,0,0,1,0,0,0,189560,27025,6434,2187,680,64,1071785,36.2669571475862,56.2722513832432,48.0600512876316,59.2495067407692,68.784097044,99.2200684,176.266957147586,36.2669571475862,2,0,19,0,0,0,0,261408.028269877,29681.706709479,25922.0131572687,13500.8706578434,23795.8969566084,25507.396594267,35912.1820069584,25922.0131572687
1439,25,1,0,0,0,1,0,0,0,189560,27025,6434,2187,680,64,1071785,30.6740235403448,50.6793184456757,42.6787100628684,53.6565813911538,63.191171694,93.62714306,170.674023540345,30.6740235403448,0,0,1,0,0,0,0,260717.833037861,28858.073164895,25231.8179252532,13890.8105772294,23115.4412050869,25314.5056330061,36009.2924840247,25231.8179252532
1465,22,5,0,0,1,0,0,0,0,189560,27025,6434,2187,680,64,1071785,44.0246980536781,22.4191376745676,85.4879809281579,35.97048325,79.556491902,128.8979162,184.024698053678,44.0246980536781,0,0,5,0,0,0,0,255952.606432622,16715.3528388636,20466.5913200139,34220.7475329166,20120.0183505385,32961.0474632118,46677.8107605089,20466.5913200139
1497,11,0,0,0,0,1,0,0,0,189560,27025,6434,2187,680,64,1071785,32.2415698378161,51.917641837027,41.4818054752895,52.0890350973077,61.623625398,92.05959676,172.241569837816,32.2415698378161,0,0,0,0,0,0,0,262126.007486171,30247.4280538029,26639.9923735634,12578.1397415364,23089.0293987715,24536.8090341181,34921.6651074196,26639.9923735634
1498,6,0,0,0,0,1,0,0,0,189560,27025,6434,2187,680,64,1071785,31.7798093233333,51.5557222051351,41.8220558925526,52.5508027503846,62.085393054,92.52136442,171.779809323333,31.7798093233333,0,0,0,0,0,0,0,261454.89422839,29439.6174425292,25968.8791157815,12995.8007648596,22387.0925391282,24336.2253856596,35021.5242590003,25968.8791157815
1524,144,21,0,0,1,0,0,0,0,189560,27025,6434,2187,680,64,1071785,45.1304838357471,23.3456068435946,84.5174946355263,34.8646974663462,78.450706116,127.7921304,185.130483835747,45.1304838357471,1,1,19,0,0,0,0,256854.603811783,17700.2737844794,21368.5886991747,33867.4732350732,19278.8170627984,32215.889890242,45920.2125876275,21368.5886991747
1556,6,0,0,0,0,1,0,0,0,189560,27025,6434,2187,680,64,1071785,33.34735542,52.7843386445946,40.7107636501316,50.9832495130769,60.517839818,90.95381118,173.34735542,33.34735542,0,0,0,0,0,0,0,262861.25898432,30834.8250884677,27375.2438717114,11667.1378035857,22403.9777427644,23568.1800931468,33931.3570488134,27375.2438717114
1557,1,1,0,0,0,1,0,0,0,189560,27025,6434,2187,680,64,1071785,53.8425802754023,73.4604224264865,61.5308183086842,73.1514194319231,82.686009734,113.1219811,193.842580275402,53.8425802754023,0,0,1,0,0,0,0,262208.609963345,30042.804409507,26722.594850737,12116.2482715186,21679.8656376272,23359.2794640615,34034.124098313,26722.594850737
1583,36,2,0,0,1,0,0,0,0,189560,27025,6434,2187,680,64,1071785,46.236269417931,24.3318482304595,83.5281142897368,33.7589190127692,77.344927654,126.6863519,186.236269417931,46.236269417931,0,0,2,0,0,0,0,257764.437964681,18686.1627229392,22278.4228520731,33539.950591372,18452.825756573,31484.4855578822,45171.7854815342,22278.4228520731
1673,129,24,0,0,0,1,0,0,0,189560,27025,6434,2187,680,64,1071785,36.0207007678161,54.6350229037838,39.1630373995263,48.3099041638462,57.844494468,88.28046583,176.020700767816,36.0207007678161,4,0,20,0,0,0,0,265016.766490359,32843.3696807195,29530.7513777509,9444.06100880548,21896.4628922006,21908.8020741034,31873.2795438331,29530.7513777509
1729,100,6,0,0,0,1,0,0,0,189560,27025,6434,2187,680,64,1071785,41.8991219864368,59.1770999678379,39.8405129402368,47.5716757892308,57.106266094,87.54223745,181.899121986437,41.8991219864368,0,0,5,1,0,0,0,267759.672296747,35820.4592498631,32273.6571841385,7677.68929137487,23831.6653993225,22061.3118211189,30832.7517035654,32273.6571841385
1757,137,55,0,0,0,0,1,0,0,189560,27025,6434,2187,680,64,1071785,51.5882795906896,29.4971303649459,78.4041259973684,28.4069017155385,71.992910358,121.3343346,191.58827959069,51.5882795906896,7,6,36,4,2,0,0,259644.32536356,21533.2000200383,24158.3102509523,29813.5110867992,14316.4890289801,27259.6098849803,40953.2535680891,24158.3102509523
1759,38,13,0,0,1,0,0,0,0,189560,27025,6434,2187,680,64,1071785,50.0153926245977,27.9066945074865,80.626321955,30.6290976751154,74.21510632,123.5565306,190.015392624598,50.0153926245977,2,0,11,0,0,0,0,260199.578265788,21563.8041456128,24713.5631531795,31748.8425184516,15456.4830550943,28657.8468554394,42295.8765496301,24713.5631531795
1790,6,5,0,0,0,1,0,0,0,189560,27025,6434,2187,680,64,1071785,38.6940595227586,56.2466189391892,37.7901856110526,45.6365524696154,55.17114277,85.60711413,178.694059522759,38.6940595227586,1,0,4,0,0,0,0,267181.892674289,34878.2164656623,31695.8775616809,7222.14061542158,21607.2756672512,20357.6478412949,29839.1717651821,31695.8775616809
1815,123,71,0,0,0,0,1,0,0,189560,27025,6434,2187,680,64,1071785,53.155860435977,31.0647112107027,76.8365451463158,26.9599040095385,70.42532951,119.7667538,193.155860435977,53.155860435977,14,8,38,7,4,0,0,260399.155389092,22578.5282906116,24913.1402764837,28602.3163400562,12950.805452935,25851.5002968966,39547.4931565918,24913.1402764837
1847,2,0,0,0,0,1,0,0,0,189560,27025,6434,2187,680,64,1071785,40.7234432891954,57.5981299905405,37.4505066830263,44.5307749253846,54.065365228,84.50133659,180.723443289195,40.7234432891954,0,0,0,0,0,0,0,269232.262269089,37049.371002327,33746.2471564811,5706.05582894636,22878.1140541604,20280.4847126839,28845.6970783462,33746.2471564811
1990,117,74,0,0,0,0,1,0,0,189560,27025,6434,2187,680,64,1071785,58.0604680304598,36.1350157527297,73.7712917723684,24.4433454317308,67.360076138,116.7015004,198.06046803046,58.0604680304598,6,2,60,6,0,0,0,263057.819830651,25761.0955833662,27571.8047180428,26081.6535780871,9371.70492368227,22313.2967317232,35989.4988588998,27571.8047180428
2028,28,29,0,0,0,1,0,0,0,189560,27025,6434,2187,680,64,1071785,141.115116248276,156.238827981081,124.576612593947,138.287742673077,147.82233296,178.2583043,281.115116248276,141.115116248276,10,0,19,0,0,0,0,269224.285059373,36179.7023257938,33738.2699467648,5529.27997903033,17993.5255846263,15932.4263348062,26019.2684529221,33738.2699467648
2083,302,14,0,0,0,1,0,0,0,189560,27025,6434,2187,680,64,1071785,45.146600745977,59.3125954194595,35.3598925282368,39.1840041857692,48.71859449,79.15456585,185.146600745977,45.146600745977,4,0,10,0,0,0,0,272323.033415446,39692.2300606357,36837.0183028379,1870.93287464022,21401.9669546226,16858.4695054521,24872.1253004432,36837.0183028379
2087,16,11,0,0,0,1,0,0,0,189560,27025,6434,2187,680,64,1071785,122.443544310345,133.6349101,102.392586298684,108.330428681538,117.865019,150.1810088,262.443544310345,122.443544310345,1,0,10,0,0,0,0,270065.962766958,36913.9190002052,34579.9476543498,5125.73145648311,17617.865766871,15001.12836223,25032.0664886108,34579.9476543498
2132,119,70,0,0,0,1,0,0,0,189560,27025,6434,2187,680,64,1071785,90.3447011689655,104.510695837027,71.7632992073684,84.3821046107692,93.91669492,123.2726372,230.344701168966,90.3447011689655,16,0,53,0,1,0,0,279747.712957152,47988.3471886486,44261.6978445443,9162.22195974629,30911.1081326873,23345.9411611523,26267.4460873223,44261.6978445443
2140,2,0,0,0,0,1,0,0,0,189560,27025,6434,2187,680,64,1071785,50.7419332362069,64.9079279097297,38.5361502524474,44.7793366765385,54.31392698,83.96610758,190.741933236207,50.7419332362069,0,0,0,0,0,0,0,274332.051660067,41827.1286169019,38846.0365474594,1328.3861888237,23074.8227138635,17289.8707598838,24045.5138554331,38846.0365474594
2141,301,12,0,0,0,1,0,0,0,189560,27025,6434,2187,680,64,1071785,47.8899387658621,62.0559334394595,36.7781808456842,41.9273422088461,51.461932508,81.11411311,187.889938765862,47.8899387658621,3,0,7,0,1,1,0,273718.627656858,41101.2877363854,38232.6125442495,687.615057648121,22103.1185139762,16648.1245394929,23941.5049041081,38232.6125442495
2143,3,2,0,0,0,1,0,0,0,189560,27025,6434,2187,680,64,1071785,46.7142225152874,59.8032601397297,35.6081228983684,37.6163824192308,47.15097272,77.58694408,186.714222515287,46.7142225152874,0,0,2,0,0,0,0,272542.114085143,39685.210550323,37056.0989725345,1968.86235854534,20167.7035449657,15478.6582040754,23857.9551444706,37056.0989725345
2144,101,17,0,0,0,1,0,0,0,189560,27025,6434,2187,680,64,1071785,67.6181655187356,80.0757265370271,54.68926789,56.8514229584615,66.386013262,96.82198462,207.618165518736,67.6181655187356,1,0,16,0,0,0,0,271980.646925311,38996.2668586364,36494.6318127032,2927.7646097538,19204.797783902,14959.8540009839,23878.8495481759,36494.6318127032
2152,276,66,0,0,0,1,0,0,0,189560,27025,6434,2187,680,64,1071785,224.215469152873,225.093725872973,200.336037610526,190.209257061538,202.91444712,251.9529337,364.215469152873,224.215469152873,2,2,62,0,0,0,0,268247.476135282,34042.3196104472,32761.4610226736,10861.8631269804,11720.8420017796,13012.2477836107,25495.8831759062,32761.4610226736
2198,848,130,0,0,0,1,0,0,0,189560,27025,6434,2187,680,64,1071785,58.9690575077012,73.1350521805406,44.1687286115789,53.0064609492308,62.54105125,89.91097146,198.969057507701,58.9690575077012,21,3,104,0,1,1,0,275732.128037041,43235.6353276712,40246.1129244334,2169.09124718673,23852.0528658961,17258.6384672842,23210.5263985849,40246.1129244334
2199,1050,74,0,0,0,1,0,0,0,189560,27025,6434,2187,680,64,1071785,54.5734678754023,68.218213392973,40.6455002309211,47.0567613065385,56.591351608,83.89207096,194.573467875402,54.5734678754023,11,2,55,6,0,0,0,275115.195871921,42510.3683118223,39629.180759313,1190.54169376083,22869.7295730963,16555.5074713501,23059.5156140112,39629.180759313
2206,67,31,0,0,0,1,0,0,0,189560,27025,6434,2187,680,64,1071785,52.0718586029885,60.9337872816216,38.3065094342369,32.2587463307692,42.096221368,79.8093231,192.071858602988,52.0718586029885,1,0,30,0,0,0,0,271282.585258858,37784.620528877,35796.5701462504,5855.36620000984,16051.1046040264,12788.3734007559,23210.420549929,35796.5701462504
2224,44,39,0,0,0,0,1,0,0,189560,27025,6434,2187,680,64,1071785,63.7849058898851,43.3958294894595,66.5104835389474,18.9187663461923,60.099267904,109.4406922,203.784905889885,63.7849058898851,9,1,27,2,0,0,0,266901.956140161,30014.3158576237,31415.9410275527,23829.2768014734,4927.01740311671,18121.2370470601,31714.4973580567,31415.9410275527
2225,27,9,0,0,0,0,1,0,0,189560,27025,6434,2187,680,64,1071785,85.9922381531034,65.4027678454054,89.7875221260526,40.2587134757692,83.3763065,132.7177308,225.992238153103,85.9922381531034,2,0,7,0,0,0,0,266943.246997477,29842.0070445557,31457.2318848691,24828.10504555,5501.88908474838,18881.1528993858,32414.8344297792,31457.2318848691
2246,51,25,0,0,0,1,0,0,0,189560,27025,6434,2187,680,64,1071785,94.3713237365517,108.627010868378,74.9810238218421,88.6852789084615,98.21986922,128.6558406,234.371323736552,94.3713237365517,0,0,19,6,0,0,0,284034.268087523,52389.8450602516,48548.2529749154,13199.2979044034,34613.1027083322,25850.7034878673,26511.7429101135,48548.2529749154
2252,602,200,0,0,0,1,0,0,0,189560,27025,6434,2187,680,64,1071785,73.6850646785058,87.8510593524324,56.3361777889474,67.7224681215384,77.257058424,104.6269786,213.685064678506,73.6850646785058,21,5,171,2,0,1,0,279752.298537793,47642.383955831,44266.2834251852,7260.10593952937,28651.2644057275,20586.4778308195,23646.1308254254,44266.2834251852
2258,336,50,0,0,0,1,0,0,0,189560,27025,6434,2187,680,64,1071785,82.0516970877012,95.6964426024324,66.6344634002632,74.5349905192308,84.069580824,111.3703002,222.051697087701,82.0516970877012,5,1,44,0,0,0,0,275907.614948684,43205.6764557999,40421.5998360757,1745.4466835159,22706.3423495566,15849.4926475624,22074.2428929172,40421.5998360757
2306,45,54,0,0,0,1,0,0,0,189560,27025,6434,2187,680,64,1071785,128.646847255172,142.902534391892,107.452572419737,122.960802430769,132.49539274,162.9313641,268.646847255172,128.646847255172,12,0,42,0,0,0,0,283974.40082238,52174.1438425325,48488.3857097724,12352.6027118868,33537.2982744052,24528.0877812889,25128.365094574,48488.3857097724
2324,276,130,0,0,0,1,0,0,0,189560,27025,6434,2187,680,64,1071785,77.9596815065517,85.6704448881081,62.374403753421,55.7907408630769,65.325311834,105.697146,217.959681506552,77.9596815065517,10,6,110,3,1,0,0,273039.069174903,39355.3545164463,37553.0540622948,6286.54852808052,15643.4122463078,10943.5066062484,21254.7108828875,37553.0540622948
2325,108,32,0,0,0,1,0,0,0,189560,27025,6434,2187,680,64,1071785,54.0959632054023,60.8620633,39.5439912973947,30.2346610619231,39.76923203,81.83342771,194.095963205402,54.0959632054023,1,0,30,1,0,0,0,272592.821413371,38763.5937032774,37106.8063007626,7224.90470358433,14655.6087347835,10580.7561661799,21464.9749464974,37106.8063007626
2384,6,0,0,0,0,1,0,0,0,189560,27025,6434,2187,680,64,1071785,84.3993336625287,90.3601848113514,68.1031023473684,59.1192595707692,68.653820908,112.1367982,224.399333662529,84.3993336625287,0,0,0,0,0,0,0,273489.934844849,39574.7820486453,38003.9197322407,7601.42396750718,14535.8286640266,9644.99034644376,20499.4983976985,38003.9197322407
2385,8,0,0,0,0,1,0,0,0,189560,27025,6434,2187,680,64,1071785,55.6636186317241,60.6502234386486,40.7442777217632,28.6670152669231,38.201576604,83.40108313,195.663618631724,55.6636186317241,0,0,0,0,0,0,0,273075.587660725,39011.9266174034,37589.5725481167,8512.11373000405,13540.9176487255,9338.83641236723,20765.5526990851,37589.5725481167
2400,62,9,0,0,0,0,1,0,0,189560,27025,6434,2187,680,64,1071785,65.0545930368966,45.9993244113514,61.9019319457895,15.7624567535,55.49071631,104.8321406,205.054593036897,65.0545930368966,1,0,3,5,0,0,0,269874.529474392,33134.0460582712,34388.5143617844,23066.446061818,1962.55646635079,15477.4850101415,28903.8110899942,34388.5143617844
2437,28,2,0,0,0,1,0,0,0,189560,27025,6434,2187,680,64,1071785,63.2377042929885,75.1404284332432,47.4704392227105,51.0046071311538,60.539197432,61.0634623,203.237704292988,63.2377042929885,0,0,2,0,0,0,0,277241.151498295,44033.9524588031,41755.1363856871,4382.31915227682,20476.5535159726,12363.8454079701,18913.9542025749,41755.1363856871
2444,36,30,0,0,0,1,0,0,0,189560,27025,6434,2187,680,64,1071785,85.4592142763218,90.1574239740541,68.9209171860526,57.9544861973077,66.576153518,113.1966788,225.459214276322,85.4592142763218,0,0,30,0,0,0,0,273987.116112553,39842.8593354158,38501.1009999454,8945.11041170688,13484.6576446047,8382.3411706673,19815.877560559,38501.1009999454
2445,59,11,0,0,0,1,0,0,0,189560,27025,6434,2187,680,64,1071785,57.2312807409196,60.9559679267568,42.1335508827105,28.0122471719231,36.633914494,84.96874524,197.23128074092,57.2312807409196,3,0,8,0,0,0,0,273604.35328226,39309.2265812713,38118.3381696515,9832.87038976144,12485.90304239,8151.54357277172,20140.6083714922,38118.3381696515
2453,80,20,0,0,0,0,1,0,0,189560,27025,6434,2187,680,64,1071785,67.3873420036782,54.9489187837838,52.9523375713158,16.3320180918846,46.541121938,95.88254621,207.387342003678,67.3873420036782,2,5,12,1,0,0,0,271405.634942515,35765.0642665779,35919.6198299069,17375.1386088052,4499.32115747529,10381.5300341342,24110.330361105,35919.6198299069
2456,5,0,0,0,0,0,1,0,0,189560,27025,6434,2187,680,64,1071785,68.3238438456322,50.6228544205405,60.3838381036842,16.099826048,53.972622468,103.3140467,208.323843845632,68.3238438456322,0,0,0,0,0,0,0,271011.979251641,34817.855452008,35525.9641390327,20292.3380957624,1518.36063262302,12498.327510696,26079.0906107445,35525.9641390327
2457,180,45,0,0,0,0,1,0,0,189560,27025,6434,2187,680,64,1071785,66.7203952971264,48.6782112313513,59.87238331,14.8182167963846,53.461167674,102.8025919,206.720395297126,66.7203952971264,6,1,37,1,0,0,0,270936.113769384,34554.1302297493,35450.0986567755,21269.6564201985,563.573422817742,13279.4632167738,26777.7570535111,35450.0986567755
2458,70,5,0,0,0,0,1,0,0,189560,27025,6434,2187,680,64,1071785,65.9667140274713,47.5669865213514,60.3342698381579,14.9183310023462,53.9230542,103.2644785,205.966714027471,65.9667140274713,1,3,1,0,0,0,0,270888.275441537,34317.4589987561,35402.2603289287,22248.8945408648,570.65479225049,14088.1532844919,27494.9765822034,35402.2603289287
2493,375,43,0,0,0,1,0,0,0,189560,27025,6434,2187,680,64,1071785,295.155212222988,307.057936364865,264.042438886842,282.922115057692,292.45670536,287.4520592,435.155212222988,295.155212222988,6,0,35,1,1,0,0,279720.443100039,46766.249609484,44234.4279874313,5710.9759774189,23483.0460857284,14255.9979686661,18334.3252101608,44234.4279874313
2495,224,11,0,0,0,1,0,0,0,189560,27025,6434,2187,680,64,1071785,98.4201726167816,110.322896762703,78.8039921768421,86.1870754538462,95.721665748,90.7170196,238.420172616782,98.4201726167816,0,0,11,0,0,0,0,278615.114749485,45438.897286652,43129.0996368769,5294.86454553365,21486.1210250812,12556.9121271602,18004.6955262177,43129.0996368769
2496,482,14,0,0,0,1,0,0,0,189560,27025,6434,2187,680,64,1071785,66.002159805862,77.9048839472973,49.7984017621842,53.7690626415385,63.303652948,58.29900679,206.002159805862,66.002159805862,1,0,12,1,0,0,0,278086.831108574,44793.8844753084,42600.8159959662,5360.92677700775,20487.7365144077,11742.7203934571,17921.3360248999,42600.8159959662
2512,104,13,0,0,0,0,1,0,0,189560,27025,6434,2187,680,64,1071785,67.5943378428735,54.4924843027027,53.408791248421,15.7891680958462,46.997575612,96.33899988,207.594337842874,67.5943378428735,3,0,10,0,0,0,0,272385.227617138,36696.5360874192,36899.2125045302,17647.4570927313,4549.53544313957,9633.42021021945,23339.8220622628,36899.2125045302
2514,40,14,0,0,0,0,1,0,0,189560,27025,6434,2187,680,64,1071785,68.9006193535632,53.4457626448649,56.4646663147368,15.3229850066154,50.053450678,99.39487495,208.900619353563,68.9006193535632,8,0,6,0,0,0,0,272103.038856812,36056.4671513854,36617.0237442043,19562.5498359775,2596.78933127596,11094.8244791875,24670.3411901071,36617.0237442043
2515,66,11,0,0,0,0,1,0,0,189560,27025,6434,2187,680,64,1071785,68.2483195878161,51.07931526,58.8311137010526,14.8988329093077,52.419898062,101.7613223,208.248319587816,68.2483195878161,5,0,6,0,0,0,0,272002.128027975,35773.9881025126,36516.1129153671,20526.0148908031,1661.21426586992,11884.245611575,25368.4692462809,36516.1129153671
2570,24,3,0,0,0,0,1,0,0,189560,27025,6434,2187,680,64,1071785,70.3377697635632,57.2359162237838,56.1522231663158,18.1105335673846,49.741007534,99.08243181,210.337769763563,70.3377697635632,1,0,2,0,0,0,0,273541.589225547,37978.7395775597,38055.5741129384,17038.469363248,5753.29219721139,8225.17252448855,21936.6747186051,38055.5741129384
2572,58,7,0,0,0,0,1,0,0,189560,27025,6434,2187,680,64,1071785,67.8904727342529,52.9248184381081,54.976466675,14.7488490409231,48.56525104,97.90667531,207.890472734253,67.8904727342529,0,0,6,1,0,0,0,273215.188241054,37307.1928207886,37729.1731284463,18909.7634870881,3892.74994483966,9692.99113960347,23261.6502831249,37729.1731284463
2573,301,45,0,0,0,0,1,0,0,189560,27025,6434,2187,680,64,1071785,67.8325413937931,51.8135745808108,56.0876817765789,14.0982849378462,49.67646614,99.01789041,207.832541393793,67.8325413937931,8,2,34,0,1,0,0,273090.738735765,37007.303813937,37604.7236231568,19854.6636128603,3028.84467345104,10492.7787816165,23959.1739615375,37604.7236231568
2574,29,0,0,0,0,0,1,0,0,189560,27025,6434,2187,680,64,1071785,67.5071602544828,50.7023307237838,57.1989256355263,13.8807214922308,50.787709998,100.1291343,207.507160254483,67.5071602544828,0,0,0,0,0,0,0,272992.483792167,36732.1344178366,37506.468679559,20804.6136662735,2278.19648838682,11324.2548599134,24677.4363339021,37506.468679559
2629,10,0,0,0,0,0,1,0,0,189560,27025,6434,2187,680,64,1071785,72.6603288103448,58.7887001337838,58.9166777265789,19.7269936136538,52.505462088,101.8468864,212.660328810345,72.6603288103448,0,0,0,0,0,0,0,274518.211288888,38908.0135606186,39032.1961762795,17429.8359536636,6124.33838717001,7525.46829715278,21180.4016546346,39032.1961762795
2632,15,1,0,0,0,0,1,0,0,189560,27025,6434,2187,680,64,1071785,69.4647529667816,53.4457742548649,57.7199102078947,15.168501362,51.296270354,100.6501188,209.464752966782,69.4647529667816,0,0,1,0,0,0,0,274078.765372469,37960.3551184485,38592.7502598613,20191.5414047494,3685.21615396892,9953.7950043513,23268.7487226797,38592.7502598613
2635,35,5,0,0,0,0,1,0,0,189560,27025,6434,2187,680,64,1071785,73.0287371654023,56.2239076345946,62.7205025444737,17.4255682486923,55.989614888,105.6507112,213.028737165402,73.0287371654023,0,0,5,0,0,0,0,273868.89636506,37230.3797393539,38382.8812524522,23012.1613486794,2759.93122245036,12628.8421739114,25538.7134270637,38382.8812524522
2693,109,11,0,0,0,0,1,0,0,189560,27025,6434,2187,680,64,1071785,73.0150578625288,56.2102283318919,62.7068232415789,16.9046393484615,54.000439544,105.6370319,213.015057862529,73.0150578625288,3,0,8,0,0,0,0,274905.508874884,38416.4750954932,39419.493762276,22414.5293631977,3740.638767089,11327.4638799118,24138.5374653035,39419.493762276
2694,355,60,0,0,0,0,1,0,0,189560,27025,6434,2187,680,64,1071785,74.1698253324138,57.3649958013513,63.8615907123684,17.9775668483077,56.129240832,106.7917993,214.169825332414,74.1698253324138,23,1,33,3,0,0,0,274862.489177755,38203.7281762015,39376.474065147,23345.8282450364,3741.71108701974,12265.5700679942,24931.8267594461,39376.474065147
2859,2,1,0,0,0,0,0,1,0,189560,27025,6434,2187,680,64,1071785,104.835367706897,107.418720748919,89.6859799371053,70.8283345376923,34.159091074,132.5728322,244.835367706897,104.835367706897,0,0,1,0,0,0,0,279831.47853906,44932.8854164754,44345.4634264521,14953.4216102891,13290.8483808396,1146.43537128066,14359.0524692186,44345.4634264521
2860,4,0,0,0,0,0,0,1,0,189560,27025,6434,2187,680,64,1071785,77.7162254563219,80.2995785032433,62.5668376873684,43.2391244457692,16.9637540356,105.45369,217.716225456322,77.7162254563219,0,0,0,0,0,0,0,279544.855086685,44505.209354587,44058.8399740769,15629.0733211021,12437.7958022727,1220.8366669174,14938.2461563995,44058.8399740769
2871,36,6,0,0,0,0,1,0,0,189560,27025,6434,2187,680,64,1071785,146.347239573563,129.542410043243,136.039004954211,84.4428963388461,127.47478006,178.9692136,286.347239573563,146.347239573563,2,0,4,0,0,0,0,277843.399263202,41129.7177924492,42357.3841505941,24561.9663377718,6708.79300607776,11626.346439617,23271.537081634,42357.3841505941
2918,398,149,0,0,0,0,0,1,0,189560,27025,6434,2187,680,64,1071785,117.519673093333,120.103026137297,102.370285333421,82.1779745453846,36.323529032,145.2571376,257.519673093333,117.519673093333,12,0,129,8,0,0,0,280781.587625964,45828.9956061026,45295.5725133558,15715.4414706141,13817.9764186096,418.334206243571,13544.5426878244,45295.5725133558
2919,218,84,0,0,0,0,0,1,0,189560,27025,6434,2187,680,64,1071785,83.245129340115,85.8284823889189,68.0957415728947,47.4905722311538,15.8629294524,110.9825938,223.245129340115,83.245129340115,10,0,65,8,1,0,0,280501.010747654,45409.7553401403,45014.995635046,16359.6572322031,12999.5527238908,592.565898643118,14157.1050719761,45014.995635046
2978,58,32,0,0,0,0,0,1,0,189560,27025,6434,2187,680,64,1071785,86.0095805773563,88.5929336237838,70.8601928097368,49.8165265407692,17.5216001956,113.7470451,226.009580577356,86.0095805773563,6,0,24,2,0,0,0,281458.774501713,46317.9707295658,45972.7593891048,17116.8106720256,13610.8161504716,1090.03945024066,13404.1943840766,45972.7593891048
2985,106,28,0,0,0,0,1,0,0,189560,27025,6434,2187,680,64,1071785,89.9707566888506,73.9517779756757,78.225913928421,30.0093454493461,37.959678852,121.1561226,229.970756688851,89.9707566888506,10,0,17,0,1,0,0,280117.730704068,43971.2070267782,44631.7155914597,22215.2007829587,9354.42654114202,7636.34259127575,18824.3013788506,44631.7155914597
3104,53,8,0,0,0,0,1,0,0,189560,27025,6434,2187,680,64,1071785,129.199633136782,113.18065442973,117.454790377368,65.5552029265384,78.811985238,160.384999,269.199633136782,129.199633136782,1,0,7,0,0,0,0,281992.237230867,45647.778890405,46506.2221182592,24223.3898820256,10953.7214664933,9058.89516445534,18754.3319346927,46506.2221182592
3105,1,0,0,0,0,0,1,0,0,189560,27025,6434,2187,680,64,1071785,97.8094119482759,81.7904332378378,86.0645691886842,36.5796141351154,47.421764044,128.9947778,237.809411948276,97.8094119482759,0,0,0,0,0,0,0,281912.812469514,45424.9568496032,46426.7973569064,25007.9976411069,10770.3243581292,10010.2666074883,19663.7190930374,46426.7973569064
3559,64,5,0,0,0,0,0,0,1,189560,27025,6434,2187,680,64,1071785,124.301166591954,136.203890732432,108.097408555789,112.068069433462,121.60265974,0,264.301166591954,124.301166591954,0,0,3,2,0,0,0,293740.33212704,59188.5307150235,58254.3170144317,23260.0522190232,26944.9863360337,13731.113332775,58254.3170144317,293740.33212704
