"areaId","dest","w","N1","N2","d","t"
152,"to",0,1,1071785,242945.868025982,150.008532525046
152,"ti_ban",0,1,27025,13723.4554519942,24.6969906399189
152,"ti_mal",0,1,189560,7055.64999627052,10.008532525046
152,"ti_lub",0,1,6434,38360.3887244453,74.6476979171053
152,"ti_ria",0,1,2187,39294.7551053531,78.4792795269231
152,"ti_mok",0,1,680,47257.8908354543,95.644231724
152,"ti_ure",0,1,64,59571.4711679112,126.0802031
153,"to",5,69,1071785,242025.163854664,151.50723168692
153,"ti_ban",0,69,27025,12808.6891469927,26.2535799813514
153,"ti_mal",0,69,189560,6198.16988430894,11.5072316869195
153,"ti_lub",0,69,6434,38808.9863246388,76.2042872602631
153,"ti_ria",0,69,2187,39193.1669780445,80.035868865
153,"ti_mok",0,69,680,47407.2701658802,97.20082105
153,"ti_ure",0,69,64,59830.48487894,127.6367924
207,"to",3,59,1071785,246601.750380136,155.011128171333
207,"ti_ban",0,59,27025,17198.2749696267,30.4266898172973
207,"ti_mal",0,59,189560,10461.4441654982,15.0111281713333
207,"ti_lub",4,59,6434,35853.2305160583,79.1900856594737
207,"ti_ria",1,59,2187,38978.1928663553,83.7244521134615
207,"ti_mok",0,59,680,45876.4000421722,100.186619448
207,"ti_ure",0,59,64,57717.9906175714,130.6225908
209,"to",0,47,1071785,244624.984086546,150.110073950563
209,"ti_ban",0,47,27025,15273.4227659358,25.3812057720541
209,"ti_mal",0,47,189560,8529.41117455979,10.1100739505632
209,"ti_lub",0,47,6434,36615.922229858,74.4181664713158
209,"ti_ria",0,47,2187,38592.5706241321,78.79074562
209,"ti_mok",0,47,680,46032.1569204204,95.414700254
209,"ti_ure",0,47,64,58131.3356778514,125.8506716
211,"to",17,245,1071785,242661.615194785,148.687658977494
211,"ti_ban",0,245,27025,13369.821722077,23.3147522806757
211,"ti_mal",0,245,189560,6636.0834048446,8.68765897749425
211,"ti_lub",2,245,6434,37469.6877309144,73.2654595602632
211,"ti_ria",0,245,2187,38307.3638996113,77.0970411642308
211,"ti_mok",0,245,680,46273.7080859415,94.26199335
211,"ti_ure",0,245,64,58609.8965433481,124.6979647
212,"to",1,39,1071785,241689.799040764,149.841467756506
212,"ti_ban",0,39,27025,12429.0457234136,24.0627247508108
212,"ti_mal",0,39,189560,5715.99536357374,9.84146775650575
212,"ti_lub",0,39,6434,37928.8267694815,74.9727357955263
212,"ti_ria",0,39,2187,38203.1498706049,78.1583526015385
212,"ti_mok",0,39,680,46426.2564667952,95.96926961
212,"ti_ure",0,39,64,58873.1442688621,126.405241
218,"to",24,691,1071785,238254.121426408,150.276493585552
218,"ti_ban",0,691,27025,7123.12895920105,19.9652174254595
218,"ti_mal",0,691,189560,2522.91379229575,10.2764935855517
218,"ti_lub",2,691,6434,41087.729942394,77.9814325571053
218,"ti_ria",0,691,2187,38125.2896169467,74.8963677730769
218,"ti_mok",0,691,680,47771.8070783908,98.977966348
218,"ti_ure",0,691,64,60774.2980602232,129.4139377
219,"to",76,3185,1071785,239016.296556139,151.216288618126
219,"ti_ban",14,3185,27025,6358.39141699118,18.1328270248378
219,"ti_mal",2,3185,189560,2993.47378043828,11.2162886181264
219,"ti_lub",9,3185,6434,41674.7526574683,79.8102856731579
219,"ti_ria",4,3185,2187,38203.7976566721,73.0527375488462
219,"ti_mok",2,3185,680,48065.0986824652,100.806819454
219,"ti_ure",1,3185,64,61142.5454545425,131.2427908
220,"to",71,3384,1071785,239906.608349693,151.908066565069
220,"ti_ban",34,3384,27025,5666.89927994363,18.8173274088649
220,"ti_mal",1,3384,189560,3681.17641415458,11.908066565069
220,"ti_lub",25,3384,6434,42277.2215508896,80.5334459026316
220,"ti_ria",0,3384,2187,38308.1938754266,73.7758977807692
220,"ti_mok",4,3384,680,48377.2377597351,101.529979714
220,"ti_ure",0,3384,64,61524.8071937786,131.9659511
270,"to",1,43,1071785,242532.183065332,147.863673875149
270,"ti_ban",0,43,27025,13082.3313759397,22.4987040074865
270,"ti_mal",0,43,189560,6345.81557627907,7.86367387514942
270,"ti_lub",0,43,6434,36584.3133757846,72.2978928863158
270,"ti_ria",0,43,2187,37320.3277320009,76.2168889561539
270,"ti_mok",0,43,680,45289.9577762837,93.294426684
270,"ti_ure",0,43,64,57649.4248557251,123.730398
271,"to",4,47,1071785,241534.964175066,147.833183858299
271,"ti_ban",0,47,27025,12119.2490335012,21.9432929234324
271,"ti_mal",0,47,189560,5376.26843486041,7.83318385829885
271,"ti_lub",0,47,6434,37054.4301422161,72.8533039694737
271,"ti_ria",0,47,2187,37213.3493782803,76.0389207711538
271,"ti_mok",0,47,680,45445.8108306156,93.849837754
271,"ti_ure",0,47,64,57917.0418404658,124.2858091
272,"to",7,247,1071785,240538.444805146,147.789983002678
272,"ti_ban",0,247,27025,11162.413835845,21.3878818403784
272,"ti_mal",0,247,189560,4419.6811770953,7.78998300267816
272,"ti_lub",0,247,6434,37545.2345433895,73.4087150523684
272,"ti_ria",0,247,2187,37132.9374814659,75.726903215
272,"ti_mok",0,247,680,45623.0037910723,94.405248844
272,"ti_ure",0,247,64,58200.5738912523,124.8412202
273,"to",20,302,1071785,239543.333054467,147.803671012356
273,"ti_ban",0,302,27025,10213.581223524,20.8324707563243
273,"ti_mal",0,302,189560,3486.73589898499,7.80367101235632
273,"ti_lub",0,302,6434,38055.9261228531,73.9641261357895
273,"ti_ria",0,302,2187,37079.2647090775,75.3666399353846
273,"ti_mok",0,302,680,45821.2889827978,94.960659934
273,"ti_ure",0,302,64,58499.7895262352,125.3966313
274,"to",10,545,1071785,238551.775710473,147.993898742103
274,"ti_ban",0,545,27025,9275.20748837693,20.2770596725135
274,"ti_mal",0,545,189560,2602.97837003689,7.99389874210345
274,"ti_lub",1,545,6434,38585.7151827011,74.5195372165789
274,"ti_ria",0,545,2187,37052.4473150058,74.9821245680769
274,"ti_mok",0,545,680,46040.3939007809,95.516071024
274,"ti_ure",0,545,64,58814.4493768203,125.9520424
275,"to",29,841,1071785,237574.611211832,148.118955723264
275,"ti_ban",0,841,27025,8350.81862642139,19.7216485897838
275,"ti_mal",0,841,189560,1840.67477705946,8.11895572326437
275,"ti_lub",0,841,6434,39133.8260795565,75.0749483021053
275,"ti_ria",0,841,2187,37052.5434482358,74.5676768269231
275,"ti_mok",0,841,680,46280.0227448695,96.071482114
275,"ti_ure",0,841,64,59144.3068771709,126.5074535
276,"to",121,3237,1071785,236884.94440563,148.259262744632
276,"ti_ban",13,3237,27025,7445.62510019246,19.1662375053243
276,"ti_mal",2,3237,189560,1412.4750110908,8.25926274463218
276,"ti_lub",8,3237,6434,39699.4999184788,75.6303593892105
276,"ti_ria",2,3237,2187,37079.5529465767,74.0883303584615
276,"ti_mok",3,3237,680,46539.8585199484,96.626893186
276,"ti_ure",0,3237,64,59489.1092502027,127.0628645
277,"to",406,11034,1071785,237690.269540331,148.729658519793
277,"ti_ban",26,11034,27025,6567.56817105911,18.3331208804054
277,"ti_mal",1,11034,189560,1611.36543683061,8.72965851979311
277,"ti_lub",30,11034,6434,40281.9968713204,76.46347601
277,"ti_ria",7,11034,2187,37133.417039491,73.26427123
277,"ti_mok",1,11034,680,46819.5648114813,97.46000982
277,"ti_ure",0,11034,64,59848.5982316252,127.8959812
278,"to",369,13054,1071785,238670.852466699,149.538224234172
278,"ti_ban",45,13054,27025,5729.13829171209,16.4004219111351
278,"ti_mal",2,13054,189560,2278.66591810284,9.53822423417242
278,"ti_lub",35,13054,6434,40880.5975821887,78.0778805560526
278,"ti_ria",18,13054,2187,37214.0189591393,71.3203324369231
278,"ti_mok",3,13054,680,47118.7875660934,99.074414348
278,"ti_ure",0,13054,64,60222.5106199031,129.5103857
279,"to",207,10886,1071785,239663.072192523,150.994604125908
279,"ti_ban",40,10886,27025,4950.5100521421,17.3195266468378
279,"ti_mal",5,10886,189560,3127.7055860039,10.994604125908
279,"ti_lub",36,10886,6434,41494.6052710851,79.4881935213158
279,"ti_ria",13,10886,2187,37321.1855372907,72.2690424761538
279,"ti_mok",5,10886,680,47437.157584834,100.484727328
279,"ti_ure",0,10886,64,60610.5796138234,130.9206987
280,"to",3,308,1071785,240658.414807768,151.643613050161
280,"ti_ban",0,308,27025,4264.56590636847,16.6519948763514
280,"ti_mal",0,308,189560,4045.63538167516,11.6436130501609
280,"ti_lub",1,308,6434,42123.3460444165,79.969890495
280,"ti_ria",0,308,2187,37454.6886820507,71.63990676
280,"ti_mok",0,308,680,47774.2919736444,100.966424308
280,"ti_ure",0,308,64,61012.5349789894,131.4023957
281,"to",22,551,1071785,241655.0381456,152.228061701299
281,"ti_ban",0,551,27025,3722.89365132426,16.1404938478108
281,"ti_mal",1,551,189560,4994.61589528179,12.2280617012988
281,"ti_lub",1,551,6434,42766.1702325719,80.5253068363158
281,"ti_ria",0,551,2187,37614.2478824038,71.0844904188461
281,"ti_mok",0,551,680,48129.7964275556,101.521840636
281,"ti_ure",0,551,64,61428.1041635788,131.957812
282,"to",63,1568,1071785,242652.309747884,151.353071033701
282,"ti_ban",1,1568,27025,3395.26042304868,14.7787346868649
282,"ti_mal",32,1568,189560,5959.83255849726,11.3530710337011
282,"ti_lub",8,1568,6434,43422.4522239544,79.6503161723684
282,"ti_ria",3,1568,2187,37799.5331912285,69.4232838230769
282,"ti_mok",0,1568,680,48503.2669771468,100.646849954
282,"ti_ure",0,1568,64,61857.0127306541,131.0828213
283,"to",6,53,1071785,243649.954591507,151.908482117218
283,"ti_ban",1,53,27025,3345.15870573649,14.9606840964595
283,"ti_mal",1,53,189560,6934.50875440584,11.9084821172184
283,"ti_lub",0,53,6434,44091.5910370894,80.2057272534211
283,"ti_ria",0,53,2187,38010.168272457,69.6540834092308
283,"ti_mok",0,53,680,48894.2918429712,101.202261044
283,"ti_ure",0,53,64,62298.9850953181,131.6382324
329,"to",15,316,1071785,242567.643364867,147.824586394172
329,"ti_ban",0,316,27025,12865.4191485441,22.6297529852703
329,"ti_mal",0,316,189560,6203.02438766608,7.82458639417241
329,"ti_lub",0,316,6434,35704.661948285,72.332775238421
329,"ti_ria",0,316,2187,36333.6755085352,76.3250495353846
329,"ti_mok",0,316,680,44306.6687125586,93.329309036
329,"ti_ure",0,316,64,56690.1121804984,123.7652804
330,"to",1,108,1071785,241577.513959719,148.518252372402
330,"ti_ban",0,108,27025,11884.7620661594,22.9169659345405
330,"ti_mal",0,108,189560,5206.94572936284,8.5182523724023
330,"ti_lub",0,108,6434,36186.2141949329,73.7308313707895
330,"ti_ria",0,108,2187,36223.783114367,77.0141363123077
330,"ti_mok",1,108,680,44465.9707490975,94.727365154
330,"ti_ure",0,108,64,56962.2398863474,125.1633365
331,"to",13,484,1071785,240591.603856277,148.470546071655
331,"ti_ban",0,484,27025,10907.3658965334,22.3615443437027
331,"ti_mal",0,484,189560,4212.06703096801,8.47054607165517
331,"ti_lub",0,484,6434,36688.6406687542,74.28625296
331,"ti_ria",0,484,2187,36141.1693258896,76.7069966942308
331,"ti_mok",0,484,680,44647.0550635529,95.282786748
331,"ti_ure",0,484,64,57250.5042900574,125.7187581
332,"to",6,123,1071785,239614.046957036,147.669422738299
332,"ti_ban",0,123,27025,9934.19279174808,20.9634882127568
332,"ti_mal",0,123,189560,3219.4999862352,7.66942273829885
332,"ti_lub",0,123,6434,37211.0960552921,73.9990400089474
332,"ti_ria",0,123,2187,36086.0216199296,75.5089751969231
332,"ti_mok",0,123,680,44849.6579977925,94.99557382
332,"ti_ure",0,123,64,57554.6631393225,125.4315452
333,"to",66,1881,1071785,238656.752387743,148.553540584713
333,"ti_ban",0,1881,27025,8966.61787337463,21.2507011619459
333,"ti_mal",0,1881,189560,2232.32962565056,8.55354058471264
333,"ti_lub",1,1881,6434,37752.748672893,75.3970961431579
333,"ti_ria",2,1881,2187,36058.4659689255,75.9670870919231
333,"ti_mok",0,1881,680,45073.4892905329,96.393629938
333,"ti_ure",0,1881,64,57874.4657383773,126.8296013
334,"to",369,11234,1071785,237770.270997679,148.701883473057
334,"ti_ban",4,11234,27025,8006.67043470793,20.6952795713513
334,"ti_mal",1,11234,189560,1263.26936618486,8.70188347305747
334,"ti_lub",11,11234,6434,38312.7842882296,75.9525177302632
334,"ti_ria",4,11234,2187,36058.5654659244,75.5575132576923
334,"ti_mok",1,11234,680,45318.2342972955,96.949051532
334,"ti_ure",0,11234,64,58209.6541819772,127.3850229
335,"to",382,19485,1071785,237305.767119752,148.077388316115
335,"ti_ban",88,19485,27025,7057.46344181781,19.4872315817838
335,"ti_mal",0,19485,189560,450.375833369167,8.07738831611494
335,"ti_lub",95,19485,6434,38890.408639287,75.4693802207895
335,"ti_ria",19,19485,2187,36086.3198279446,74.3967198046154
335,"ti_mok",11,19485,680,45583.5560854166,96.465914028
335,"ti_ure",0,19485,64,58559.9642052362,126.9018854
336,"to",391,17457,1071785,237868.294781573,148.649403246345
336,"ti_ban",29,17457,27025,6123.99268675704,18.3763988966216
336,"ti_mal",2,17457,189560,896.804576067461,8.64940324634483
336,"ti_lub",34,17457,6434,39484.8499632596,76.5802129092105
336,"ti_ria",15,17457,2187,36141.6653992298,73.3137193561538
336,"ti_mok",1,17457,680,45869.0976967414,97.576746718
336,"ti_ure",0,17457,64,58925.1262469815,128.0127181
337,"to",267,15012,1071785,238770.093455766,149.226870768483
337,"ti_ban",21,15012,27025,5214.71556472788,16.1547335776757
337,"ti_mal",2,15012,189560,1843.93759352773,9.22687076848276
337,"ti_lub",21,15012,6434,40095.360057581,77.5249854021053
337,"ti_ria",8,15012,2187,36224.4755538329,71.0920540403846
337,"ti_mok",1,15012,680,46174.4838258111,98.521519214
337,"ti_ure",0,15012,64,59304.8657645923,128.9574906
338,"to",88,6008,1071785,239731.089170681,149.488392777828
338,"ti_ban",10,6008,27025,4344.84758522676,15.6167271715946
338,"ti_mal",21,6008,189560,2826.72558005902,9.48839277782759
338,"ti_lub",14,6008,6434,40721.216273981,77.7557887442105
338,"ti_ria",4,6008,2187,36334.5624754134,70.5366376961538
338,"ti_mok",1,6008,680,46499.3235070906,98.752322538
338,"ti_ure",0,6008,64,59698.9046256859,129.1882939
339,"to",73,3051,1071785,240710.025772108,150.013959950713
339,"ti_ban",2,3051,27025,3543.53083393834,15.1125825137568
339,"ti_mal",14,3051,189560,3817.73096583847,10.0139599507126
339,"ti_lub",4,3051,6434,41361.7219733013,78.3112050892105
339,"ti_ria",2,3051,2187,36471.679208914,69.9812213538462
339,"ti_mok",1,3051,680,46843.2120595932,99.307738886
339,"ti_ure",0,3051,64,60106.9616317391,129.7437102
340,"to",8,313,1071785,241696.587690172,150.569376293839
340,"ti_ban",0,313,27025,2868.795073847,14.7154003589189
340,"ti_mal",5,313,189560,4811.87903701462,10.5693762938391
340,"ti_lub",0,313,6434,42016.2072228948,78.8666214244737
340,"ti_ria",0,313,2187,36635.5222285299,69.4258050130769
340,"ti_mok",0,313,680,47205.7331774039,99.86315523
340,"ti_ure",0,313,64,60528.7532848903,130.2991266
386,"to",27,572,1071785,244703.546943389,148.039885995356
386,"ti_ban",0,572,27025,14710.3343031184,23.3411117818649
386,"ti_mal",0,572,189560,8208.29672043335,8.03988599535632
386,"ti_lub",2,572,6434,33911.0043355258,70.9720618894737
386,"ti_ria",0,572,2187,35656.334302464,76.0431586669231
386,"ti_mok",0,572,680,43065.7661927649,91.968595686
386,"ti_ure",0,572,64,55228.5057670837,122.404567
387,"to",18,204,1071785,243730.29594934,147.395744243402
387,"ti_ban",0,204,27025,13716.1653548356,22.3691240245405
387,"ti_mal",0,204,189560,7212.61618636953,7.3957442434023
387,"ti_lub",0,204,6434,34359.6516469613,70.9613030971052
387,"ti_ria",0,204,2187,35488.1700884403,75.5944484603846
387,"ti_mok",1,204,680,43183.4619409465,91.957836912
387,"ti_ure",0,204,64,55471.840380025,122.3938083
390,"to",8,142,1071785,240881.113717681,147.187879875069
390,"ti_ban",0,142,27025,10738.6279349272,20.702859252
390,"ti_mal",0,142,189560,4233.88660507601,7.18787987506897
390,"ti_lub",0,142,6434,35839.1474085049,72.62756787
390,"ti_ria",0,142,2187,35149.5317003374,75.0483116026923
390,"ti_mok",1,142,680,43671.924430011,93.624101654
390,"ti_ure",0,142,64,56301.9547464576,124.060073
391,"to",60,1236,1071785,239987.980601381,147.170219434126
391,"ti_ban",1,1236,27025,9748.61442138761,20.1474376614054
391,"ti_mal",0,1236,189560,3247.98286320494,7.17021943412644
391,"ti_lub",0,1236,6434,36373.812512347,73.1829894594737
391,"ti_ria",0,1236,2187,35092.8258296719,74.6929246426923
391,"ti_mok",0,1236,680,43879.032857641,94.179523248
391,"ti_ure",0,1236,64,56611.213954145,124.6154946
392,"to",11,136,1071785,239173.397272371,147.252094936851
392,"ti_ban",0,136,27025,8760.55638960365,19.5920160711622
392,"ti_mal",0,136,189560,2273.20325251571,7.25209493685057
392,"ti_lub",0,136,6434,36927.7544882098,73.738411051579
392,"ti_ria",0,136,2187,35064.4900004733,74.3084020061538
392,"ti_mok",0,136,680,44107.7929245732,94.734944842
392,"ti_ure",0,136,64,56936.3198950282,125.1709162
393,"to",263,6916,1071785,238538.705176839,147.396502652977
393,"ti_ban",4,6916,27025,7775.19902033164,19.0365944805405
393,"ti_mal",2,6916,189560,1334.15600986779,7.39650265297701
393,"ti_lub",24,6916,6434,37500.1191704255,74.2938326434211
393,"ti_ria",3,6916,2187,35064.5930320179,73.8988281642308
393,"ti_mok",2,6916,680,44357.869725174,95.290366438
393,"ti_ure",0,6916,64,57277.0028220366,125.7263378
394,"to",369,13462,1071785,238298.354734906,147.875028218172
394,"ti_ban",31,13462,27025,6793.71731610879,18.8730186675135
394,"ti_mal",1,13462,189560,622.05067126411,7.87502821817241
394,"ti_lub",25,13462,6434,38090.0758081937,75.1269650239474
394,"ti_ria",18,13462,2187,35093.1344182403,73.8166903180769
394,"ti_mok",5,13462,680,44628.9046571989,96.12349883
394,"ti_ure",0,13462,64,57632.9862434862,126.5594702
395,"to",319,15397,1071785,238599.517036631,148.595037384023
395,"ti_ban",90,15397,27025,5818.07261438063,18.513517310973
395,"ti_mal",5,15397,189560,994.169541977185,8.59503738402299
395,"ti_lub",44,15397,6434,38696.8199743343,76.3766635836842
395,"ti_ria",6,15397,2187,35150.0450312123,73.4755166296154
395,"ti_mok",10,15397,680,44920.5185338321,97.37319736
395,"ti_ure",1,15397,64,58003.9886391058,127.8091687
396,"to",96,4531,1071785,239264.904096578,148.927251357184
396,"ti_ban",7,4531,27025,4851.78707817209,16.3583367666486
396,"ti_mal",0,4531,189560,1893.21073519691,8.92725135718391
396,"ti_lub",25,4531,6434,39319.5744031492,76.9720903539474
396,"ti_ria",3,4531,2187,35235.1872575866,71.3203360823077
396,"ti_mok",0,4531,680,45232.3132033132,97.968624146
396,"ti_ure",1,4531,64,58389.7235996328,128.4045955
397,"to",30,481,1071785,240092.535346709,149.368663693552
397,"ti_ban",5,481,27025,3901.8198418899,15.8116934639189
397,"ti_mal",3,481,189560,2859.11959471165,9.36866369355173
397,"ti_lub",3,481,6434,39957.590478161,77.5275119457895
397,"ti_ria",0,481,2187,35348.3570456922,70.7649197426923
397,"ti_mok",0,481,680,45563.8743349858,98.52404574
397,"ti_ure",0,481,64,58789.9011031665,128.9600171
398,"to",84,3320,1071785,240991.746718285,151.034695845115
398,"ti_ban",1,3320,27025,2983.79706931724,16.5433106120811
398,"ti_mal",42,3320,189560,3841.78667998437,11.0346958451149
398,"ti_lub",5,3320,6434,40610.1489775139,79.1937766631579
398,"ti_ria",0,3320,2187,35489.2862501764,71.6399064453846
398,"ti_mok",5,3320,680,45914.7737492726,100.19031045
398,"ti_ure",0,3320,64,59204.2283411229,130.6262818
399,"to",17,574,1071785,241926.44873779,151.18950753392
399,"ti_ban",0,574,27025,2139.24690648232,15.0772417355946
399,"ti_mal",4,574,189560,4830.99592171399,11.1895075339195
399,"ti_lub",0,574,6434,41276.5600274614,79.4867526726315
399,"ti_ria",0,574,2187,35657.6457429269,69.9165274461538
399,"ti_mok",0,574,680,46284.5715700754,100.483286454
399,"ti_ure",0,574,64,59632.4103153322,130.9192578
401,"to",0,70,1071785,243847.130532488,152.300340220057
401,"ti_ban",0,70,27025,1380.75385870627,14.0991409877838
401,"ti_mal",4,70,189560,6817.64031760593,12.3003402200575
401,"ti_lub",0,70,6434,42648.328963327,80.5975853560526
401,"ti_ria",0,70,2187,36075.0564435996,67.6948410819231
401,"ti_mok",0,70,680,47079.0581730658,101.594119146
401,"ti_ure",0,70,64,60529.1527491136,132.0300905
443,"to",2,25,1071785,246879.910750261,167.371400503333
443,"ti_ban",0,25,27025,16650.0615882522,45.0153396954054
443,"ti_mal",0,25,189560,10306.7814750758,27.3714005033333
443,"ti_lub",0,25,6434,32172.113549422,85.1161581252632
443,"ti_ria",0,25,2187,35107.9750072083,92.4273814434615
443,"ti_mok",1,25,680,41907.0006790257,106.11269193
443,"ti_ure",0,25,64,53819.7374248714,136.5486633
445,"to",2,95,1071785,244968.969895798,147.974723632471
445,"ti_ban",0,95,27025,14653.2867596248,23.7406025386486
445,"ti_mal",0,95,189560,8338.90242062788,7.97472363247126
445,"ti_lub",0,95,6434,33019.9817041956,69.5898245836842
445,"ti_ria",0,95,2187,34679.3333550826,75.3026296926923
445,"ti_mok",0,95,680,42077.4674815124,90.586358382
445,"ti_ure",0,95,64,54262.8102210168,121.0223297
447,"to",12,301,1071785,243109.996361168,147.854900208816
447,"ti_ban",0,301,27025,12656.6702477495,22.6297593568378
447,"ti_mal",0,301,189560,6389.27789560675,7.85490020881609
447,"ti_lub",0,301,6434,33964.3035470668,71.8115527894737
447,"ti_ria",0,301,2187,34361.65511869,76.1045360211538
447,"ti_mok",1,301,680,42341.6027729024,92.808086586
447,"ti_ure",0,301,64,54775.2073053633,123.2440579
448,"to",0,34,1071785,242216.18476851,148.703508594678
448,"ti_ban",0,34,27025,11658.4463654176,22.9169656203243
448,"ti_mal",0,34,189560,5427.46825168906,8.70350859467816
448,"ti_lub",0,34,6434,34470.1888284756,73.730831055
448,"ti_ria",0,34,2187,34245.4342386918,77.0141359976923
448,"ti_mok",0,34,680,42508.2744363757,94.727364846
448,"ti_ure",0,34,64,55056.8076523989,125.1633362
449,"to",4,93,1071785,241364.133695105,148.667849626977
449,"ti_ban",2,93,27025,10660.2993586349,22.3615440286757
449,"ti_mal",0,93,189560,4481.79018294949,8.66784962697701
449,"ti_lub",0,93,6434,34997.2716113008,74.2862526465789
449,"ti_ria",0,93,2187,34158.0358616072,76.70699638
449,"ti_mok",0,93,680,42697.667782279,95.28278644
449,"ti_ure",0,93,64,55355.003229728,125.7187578
450,"to",16,2729,1071785,240580.708179882,147.865109299379
450,"ti_ban",30,2729,27025,9662.25282680022,20.9634945841892
450,"ti_mal",0,2729,189560,3565.10354831669,7.86510929937931
450,"ti_lub",19,2729,6434,35544.608684308,73.9990463842105
450,"ti_ria",1,2729,2187,34099.681345063,75.5089815726923
450,"ti_mok",6,2729,680,42909.4817015852,94.995580182
450,"ti_ure",0,2729,64,55669.5271322708,125.4315515
451,"to",67,3833,1071785,239914.83543401,148.592268228563
451,"ti_ban",6,3833,27025,8664.34135203011,20.474599703973
451,"ti_mal",1,3833,189560,2707.0219305442,8.59226822856322
451,"ti_lub",25,3833,6434,36111.2790447244,75.3970958236842
451,"ti_ria",3,3833,2187,34070.5199642054,75.2982093096154
451,"ti_mok",3,3833,680,43143.3859954421,96.39362963
451,"ti_ure",0,3833,64,56000.104259725,126.829601
452,"to",90,4216,1071785,239449.953829342,147.484915459724
452,"ti_ban",20,4216,27025,7666.61715935267,18.808319277
452,"ti_mal",0,4216,189560,1985.05698184168,7.48491545972414
452,"ti_lub",32,4216,6434,36696.3871155644,74.5221130836842
452,"ti_ria",2,4216,2187,34070.6266115926,73.7232324596154
452,"ti_mok",3,4216,680,43399.0234870486,95.51864686
452,"ti_ure",0,4216,64,56346.4520946905,125.9546182
453,"to",109,2600,1071785,239292.034758509,147.738284318782
453,"ti_ban",3,2600,27025,6669.16403217892,18.252892450973
453,"ti_mal",0,2600,189560,1596.06082738376,7.73828431878161
453,"ti_lub",6,2600,6434,37299.065164923,75.0775346728947
453,"ti_ria",1,2600,2187,34100.0009596615,73.2148917665385
453,"ti_mok",3,2600,680,43676.0125208345,96.074068456
453,"ti_ure",0,2600,64,56708.2816455985,126.5100398
454,"to",115,3624,1071785,239491.704830354,148.044530514724
454,"ti_ban",1,3624,27025,5672.12464989943,17.697465623
454,"ti_mal",0,3624,189560,1774.49746938755,8.04453051472414
454,"ti_lub",5,3624,6434,37918.4753024441,75.6329614986842
454,"ti_ria",7,3624,2187,34158.5673504337,72.6594649419231
454,"ti_mok",0,3624,680,43973.9494865788,96.629495312
454,"ti_ure",0,3624,64,57085.2984012973,127.0654667
455,"to",4,508,1071785,239986.400928256,148.789056548448
455,"ti_ban",5,508,27025,4675.76342398792,16.5953953925135
455,"ti_mal",0,508,189560,2396.81871028639,8.78905654844827
455,"ti_lub",2,508,6434,38553.8111191327,76.743815151579
455,"ti_ria",1,508,2187,34246.1761511661,71.5486217696154
455,"ti_mok",0,508,680,44292.4117769151,97.740348944
455,"ti_ure",0,508,64,57477.203616981,128.1763203
457,"to",6,885,1071785,241463.804640344,151.719769706885
457,"ti_ban",1,885,27025,2688.08920664106,17.4838599076216
457,"ti_mal",23,885,189560,4113.38411896815,11.7197697068851
457,"ti_lub",0,885,6434,39869.1953149437,79.8786179581579
457,"ti_ria",1,885,2187,34507.5623197621,72.6594844730769
457,"ti_mok",1,885,680,44989.140437144,100.875151748
457,"ti_ure",0,885,64,58304.4668772851,131.3111231
458,"to",8,280,1071785,242321.9957548,153.585385621517
458,"ti_ban",0,280,27025,1702.67800804203,17.1751633910541
458,"ti_mal",9,280,189560,5049.67443843413,13.5853856215172
458,"ti_lub",0,280,6434,40547.7931591596,81.8826307581579
458,"ti_ria",0,280,2187,34680.6902393581,72.201726395
458,"ti_mok",0,280,680,45366.4883453856,102.879164548
458,"ti_ure",0,280,64,58739.2129443103,133.3151359
459,"to",4,615,1071785,243219.654702774,153.680056124954
459,"ti_ban",1,615,27025,752.929105411579,15.3179408323784
459,"ti_mal",13,615,189560,6006.07623911044,13.680056124954
459,"ti_lub",3,615,6434,41239.4155053485,81.9773012602632
459,"ti_ria",1,615,2187,34881.5691920847,69.1822845207692
459,"ti_mok",1,615,680,45762.5293852243,102.973835048
459,"ti_ure",0,615,64,59187.6249968645,133.4098064
460,"to",27,2731,1071785,244142.714468623,153.312327936264
460,"ti_ban",3,2731,27025,478.738648356618,14.0376854842973
460,"ti_mal",162,2731,189560,6974.32035351684,13.3123279362644
460,"ti_lub",25,2731,6434,41943.4180297643,81.6095730744737
460,"ti_ria",9,2731,2187,35109.7228902176,67.2382906757692
460,"ti_mok",0,2731,680,46176.7826092053,102.606106856
460,"ti_ure",1,2731,64,59649.3948563722,133.0420782
502,"to",31,2028,1071785,247184.186699312,149.436990573517
502,"ti_ban",6,2028,27025,16659.1239803938,26.6148043437838
502,"ti_mal",3,2028,189560,10505.60051837,9.43699057351724
502,"ti_lub",11,2028,6434,31263.1353219867,66.7156227781579
502,"ti_ria",3,2028,2187,34144.2303868989,74.0268460888462
502,"ti_mok",1,2028,680,40914.8613844941,87.71215657
502,"ti_ure",0,2028,64,52846.9926264297,118.1481279
503,"to",1,63,1071785,246254.470460742,148.811331480977
503,"ti_ban",0,63,27025,15661.2877950478,25.5039402414324
503,"ti_mal",0,63,189560,9540.64785993712,8.81133148097701
503,"ti_lub",0,63,6434,31686.3305736273,67.8264868823684
503,"ti_ria",0,63,2187,33909.790219649,74.6113134746154
503,"ti_mok",0,63,680,40990.0793880835,88.82302067
503,"ti_ure",0,63,64,53063.6540064316,119.258992
504,"to",13,225,1071785,245339.96076212,148.600650167805
504,"ti_ban",0,225,27025,14663.5615837304,24.9846158987838
504,"ti_mal",1,225,189560,8583.40327518912,8.6006501678046
504,"ti_lub",1,225,6434,32135.0057232567,68.9373509839474
504,"ti_ria",1,225,2187,33703.3311780813,75.2673952026923
504,"ti_mok",0,225,680,41089.4479499672,89.933884782
504,"ti_ure",0,225,64,53298.1588004384,120.3698561
505,"to",9,187,1071785,244445.972555735,148.558246020667
505,"ti_ban",0,187,27025,13665.969483709,24.3930970604054
505,"ti_mal",3,187,189560,7636.76580882569,8.55824602066667
505,"ti_lub",0,187,6434,32608.1087575695,70.048215086579
505,"ti_ria",0,187,2187,33525.3700852349,75.8282100476923
505,"ti_mok",0,187,680,41212.7922042143,91.044748884
505,"ti_ure",0,187,64,53550.272403707,121.4807202
506,"to",10,295,1071785,243580.461248232,148.43054051046
506,"ti_ban",0,295,27025,12668.5956200305,23.8737727166486
506,"ti_mal",0,295,189560,6705.29777605496,8.43054051045977
506,"ti_lub",0,295,6434,33104.515879141,71.1590791894737
506,"ti_ria",0,295,2187,33376.3105228523,76.3631158280769
506,"ti_mok",0,295,680,41359.8310196371,92.155612986
506,"ti_ure",0,295,64,53819.6764064574,122.5915843
507,"to",1,75,1071785,242755.187788612,148.588822080207
507,"ti_ban",0,75,27025,11671.3238262491,23.3164700784865
507,"ti_mal",0,75,189560,5796.07757445135,8.5888220802069
507,"ti_lub",0,75,6434,33623.4210512434,72.2699432913158
507,"ti_ria",0,75,2187,33256.6984192059,76.6946497296154
507,"ti_mok",0,75,680,41530.5118989443,93.266477106
507,"ti_ure",0,75,64,54106.3244606251,123.7024484
508,"to",8,486,1071785,241988.936454687,148.506898221885
508,"ti_ban",0,486,27025,10674.3704768783,22.205605976
508,"ti_mal",0,486,189560,4921.7323712375,8.50689822188506
508,"ti_lub",0,486,6434,34163.5763759481,73.3808073936842
508,"ti_ria",1,486,2187,33166.6944003564,76.3861615830769
508,"ti_mok",0,486,680,41724.3462511044,94.377341208
508,"ti_ure",0,486,64,54409.7331017881,124.8133126
509,"to",22,2573,1071785,241310.451174835,148.372673176299
509,"ti_ban",7,2573,27025,9677.76455681514,21.0947418732162
509,"ti_mal",0,2573,189560,4104.49649748576,8.37267317629885
509,"ti_lub",1,2573,6434,34724.0633276965,74.4916714965789
509,"ti_ria",1,2573,2187,33106.5927698161,75.695825445
509,"ti_mok",3,2573,680,41941.0789744025,95.48820531
509,"ti_ure",0,2573,64,54729.6936003946,125.9241767
510,"to",11,1065,1071785,240762.805725216,148.393811845609
510,"ti_ban",3,1065,27025,8681.62548844346,19.9838777711351
510,"ti_mal",2,1065,189560,3385.97666250853,8.39381184560919
510,"ti_lub",3,1065,6434,35303.913340444,75.6025355986842
510,"ti_ria",0,1065,2187,33076.556266395,74.8878137261539
510,"ti_mok",0,1065,680,42180.3568549308,96.599069412
510,"ti_ure",0,1065,64,55065.9172075421,127.0350408
511,"to",55,2095,1071785,240402.859774502,148.154255562989
511,"ti_ban",1,2095,27025,7686.13441516037,19.4284509437838
511,"ti_mal",0,2095,189560,2842.05637995684,8.15425556298851
511,"ti_lub",3,2095,6434,35902.1882403063,75.3514553376316
511,"ti_ria",2,2095,2187,33076.6667333697,74.3593940553846
511,"ti_mok",1,2095,680,42441.7985576126,96.347989136
511,"ti_ure",0,2095,64,55418.1079155546,126.7839605
512,"to",30,1051,1071785,240285.925215273,149.255958284069
512,"ti_ban",0,1051,27025,6691.58036546678,19.9115769118919
512,"ti_mal",0,1051,189560,2585.38719228178,9.25595828406897
512,"ti_lub",1,1051,6434,36517.982438592,76.7362191302632
512,"ti_ria",2,1051,2187,33106.923909759,74.8735762315385
512,"ti_mok",1,1051,680,42724.9972353561,97.732752932
512,"ti_ure",0,1051,64,55785.9633350202,128.1687243
513,"to",14,292,1071785,240434.264320394,149.584454864747
513,"ti_ban",2,292,27025,5698.45350931426,19.3561500848919
513,"ti_mal",0,292,189560,2699.19641936202,9.58445486474712
513,"ti_lub",3,292,6434,37150.4247692394,77.2916459586842
513,"ti_ria",0,292,2187,33167.2452347814,74.3181494080769
513,"ti_mok",1,292,680,43029.5232925568,98.288179748
513,"ti_ure",1,292,64,56169.175700955,128.7241511
514,"to",74,1165,1071785,240820.034770966,150.218956946678
514,"ti_ban",2,1165,27025,4707.65680543525,18.2540798543784
514,"ti_mal",1,1165,189560,3143.49876744886,10.2189569466782
514,"ti_lub",7,1165,6434,37798.679455523,78.4024996115789
514,"ti_ria",4,1165,2187,33257.466966958,73.2073062357692
514,"ti_mok",1,1165,680,43354.9271836474,99.39903342
514,"ti_ure",0,1165,64,56567.432787059,129.8350048
519,"to",3,732,1071785,244552.303878722,155.232565150034
519,"ti_ban",6,732,27025,726.801370841683,15.6880440895946
519,"ti_mal",22,732,189560,7264.87534286266,15.2325651500345
519,"ti_lub",13,732,6434,41250.4187129411,83.5447049542105
519,"ti_ria",4,732,2187,34146.0385042695,68.8704067646154
519,"ti_mok",0,732,680,45278.3519782239,104.541238744
519,"ti_ure",0,732,64,58773.2818894553,134.9772101
560,"to",1,61,1071785,248481.077175122,150.391855001954
560,"ti_ban",0,61,27025,17721.4572600882,28.1822229183784
560,"ti_mal",0,61,189560,11739.691193254,10.391855001954
560,"ti_lub",0,61,6434,29950.854737005,65.1482042021053
560,"ti_ria",0,61,2187,33451.6575815551,73.1111093315384
560,"ti_mok",0,61,680,39870.6160231708,86.144738008
560,"ti_ure",0,61,64,51672.7210325507,116.5807094
564,"to",20,294,1071785,244959.486354106,150.346576986943
564,"ti_ban",0,294,27025,13749.0368766155,26.3282285745946
564,"ti_mal",4,294,189560,8027.0737863911,10.3465769869425
564,"ti_lub",4,294,6434,31742.7932115118,71.6803334097368
564,"ti_ria",1,294,2187,32545.1243886316,77.5652175573077
564,"ti_mok",0,294,680,40228.1029972679,92.67686722
564,"ti_ure",0,294,64,52591.3453202238,123.1128386
571,"to",13,603,1071785,241279.892043188,150.664543993713
571,"ti_ban",0,603,27025,6859.52574221297,22.1714333726757
571,"ti_mal",0,603,189560,3577.34484126172,10.6645439937126
571,"ti_lub",1,603,6434,35747.4783511733,78.0944377681579
571,"ti_ria",1,603,2187,32113.9085827883,77.1023764873077
571,"ti_mok",0,603,680,41775.9870064113,99.090971554
571,"ti_ure",1,603,64,54866.1516651566,129.5269429
573,"to",0,17,1071785,241711.293523952,152.640081324414
573,"ti_ban",0,17,27025,4943.44476351182,21.018553417
573,"ti_mal",0,17,189560,3999.34714841568,12.6400813244138
573,"ti_lub",0,17,6434,37054.829252974,81.1669731781579
573,"ti_ria",0,17,2187,32269.0875055238,75.9717797961539
573,"ti_mok",0,17,680,42420.0196369183,102.163506958
573,"ti_ure",0,17,64,55660.5458710437,132.5994783
574,"to",0,80,1071785,242188.007993543,153.712400777966
574,"ti_ban",0,80,27025,4015.19016903094,22.1726261385405
574,"ti_mal",0,80,189560,4537.09480713548,13.7124007779655
574,"ti_lub",0,80,6434,37731.1822603671,82.3210458986842
574,"ti_ria",0,80,2187,32392.6270199312,77.1258525192308
574,"ti_mok",0,80,680,42773.39833555,103.317579712
574,"ti_ure",0,80,64,56080.2159095846,133.7535511
582,"to",0,195,1071785,248591.63811696,158.113427832816
582,"ti_ban",0,195,27025,4625.80668267065,12.8824395188919
582,"ti_mal",1,195,189560,11362.6883497762,18.1134278328161
582,"ti_lub",0,195,6434,43590.363690998,86.2836462868421
582,"ti_ria",0,195,2187,34424.0664333995,61.8817638961539
582,"ti_mok",0,195,680,46284.3498800003,105.467772538
582,"ti_ure",0,195,64,59933.1742589875,137.8431781
586,"to",1,61,1071785,252346.318466944,163.445656247816
586,"ti_ban",0,61,27025,8479.68061728074,13.6178193494865
586,"ti_mal",3,61,189560,15206.6131913858,23.4456562478161
586,"ti_lub",2,61,6434,46757.256423691,90.7900626721053
586,"ti_ria",1,61,2187,36066.1666234294,59.8475940157692
586,"ti_mok",0,61,680,48440.3584754375,103.433602648
586,"ti_ure",0,61,64,62156.0653005851,143.1754065
587,"to",0,9,1071785,253302.373072707,162.984027141609
587,"ti_ban",0,9,27025,9461.39596255224,13.8344566376757
587,"ti_mal",0,9,189560,16178.9951436013,22.9840271416092
587,"ti_lub",0,9,6434,47568.4672618027,90.4830614978947
587,"ti_ria",0,9,2187,36533.4693929999,60.3092379869231
587,"ti_mok",0,9,680,49015.4417872629,103.895246632
587,"ti_ure",0,9,64,62739.2472454153,142.7137774
617,"to",0,10,1071785,250709.097081819,184.796831598276
617,"ti_ban",0,10,27025,19818.6884478809,64.2710296348649
617,"ti_mal",0,10,189560,13948.9171615148,44.7968315982759
617,"ti_lub",0,10,6434,28284.9737097103,96.4676325463158
617,"ti_ria",0,10,2187,33137.7575504276,105.347725823077
617,"ti_mok",0,10,680,38847.1764586266,117.46416634
617,"ti_ure",0,10,64,50342.294234234,147.9001377
618,"to",1,63,1071785,249800.987238863,152.185971880115
618,"ti_ban",0,63,27025,18829.3751349862,30.8605128286487
618,"ti_mal",0,63,189560,13009.39847604,12.1859718801149
618,"ti_lub",0,63,6434,28647.7706539671,63.1191344181579
618,"ti_ria",0,63,2187,32805.0339256416,71.9873010273077
618,"ti_mok",0,63,680,38849.4244271672,84.115668224
618,"ti_ure",0,63,64,50510.4645691589,114.5516396
630,"to",3,29,1071785,242273.894945796,153.272184615034
630,"ti_ban",0,29,27025,7162.77050903153,24.9359064133784
630,"ti_mal",0,29,189560,4570.22051065522,13.2721846150345
630,"ti_lub",0,29,6434,34988.2519807176,80.8589108068421
630,"ti_ria",1,29,2187,31120.9609775709,79.8668495276923
630,"ti_mok",0,29,680,40829.1217897815,101.855444618
630,"ti_ure",0,29,64,53948.9750071581,132.291416
633,"to",0,67,1071785,243043.546497563,156.243196180586
633,"ti_ban",0,67,27025,4513.71475344873,24.9370991801081
633,"ti_mal",0,67,189560,5354.88685435115,16.2431961805862
633,"ti_lub",0,67,6434,37012.6903156944,85.0855189373684
633,"ti_ria",0,67,2187,31408.4966521182,79.8903255553846
633,"ti_mok",0,67,680,41849.1180941159,106.082052736
633,"ti_ure",0,67,64,55183.2352379834,136.5180241
634,"to",0,175,1071785,243572.353517427,157.405906723552
634,"ti_ban",1,175,27025,3748.62767674761,26.0736792075676
634,"ti_mal",1,175,189560,5937.99873247547,17.4059067235517
634,"ti_lub",2,175,6434,37716.2651241085,86.2396102634211
634,"ti_ria",0,175,2187,31567.0286565012,81.0444168807692
634,"ti_mok",0,175,680,42230.9123782289,107.236144052
634,"ti_ure",0,175,64,55624.4535170306,137.6721154
644,"to",0,32,1071785,251740.00504561,163.013477201149
644,"ti_ban",0,32,27025,7780.6638129343,12.7559232771351
644,"ti_mal",1,32,189560,14519.2338349978,23.0134772011494
644,"ti_lub",0,32,6434,45365.431743233,90.1487592163158
644,"ti_ria",0,32,2187,34728.2513473265,58.2801682084615
644,"ti_mok",0,32,680,47055.3778494769,101.866176842
644,"ti_ure",0,32,64,60767.9286748499,142.7432275
645,"to",26,3228,1071785,252670.115857786,164.124362131609
645,"ti_ban",11,3228,27025,8726.82041517902,13.2792770866216
645,"ti_mal",134,3228,189560,15470.3832084042,24.1243621316092
645,"ti_lub",23,3228,6434,46179.4988298823,91.1400471307895
645,"ti_ria",5,3228,2187,35184.9767417708,58.7418121761538
645,"ti_mok",1,3228,680,47626.242757494,102.327820826
645,"ti_ure",1,3228,64,61348.0481778985,143.8541124
646,"to",1,67,1071785,253607.994498289,164.919158291609
646,"ti_ban",0,67,27025,9683.52216407142,14.7045313771351
646,"ti_mal",1,67,189560,16427.168405918,24.9191582916092
646,"ti_lub",1,67,6434,47000.6909693361,92.146547681579
646,"ti_ria",1,67,2187,35663.8326787322,60.6858607530769
646,"ti_mok",0,67,680,48211.0443154105,104.271869412
646,"ti_ure",0,67,64,61938.8446234151,144.6489086
676,"to",0,38,1071785,251137.653336331,154.075303307908
676,"ti_ban",0,38,27025,19975.2959223449,33.2611484875676
676,"ti_mal",1,38,189560,14305.2442439117,14.075303307908
676,"ti_lub",0,38,6434,27355.198589839,62.3810355684211
676,"ti_ria",0,38,2187,32207.1282255733,71.7093977826923
676,"ti_mok",0,38,680,37853.1533793506,83.377569362
676,"ti_ure",0,38,64,49361.0726596651,113.8135407
677,"to",0,35,1071785,250258.045155596,152.40957834531
677,"ti_ban",0,35,27025,18994.1309462521,31.3170817513514
677,"ti_mal",0,35,189560,13390.7395353825,12.4095783453103
677,"ti_lub",0,35,6434,27730.1672679332,62.0133453713158
677,"ti_ria",0,35,2187,31864.6861503033,71.1464667038461
677,"ti_mok",0,35,680,37855.4614162798,83.009879162
677,"ti_ure",0,35,64,49532.5772261144,113.4458505
693,"to",0,5,1071785,244402.812864146,160.026491555218
693,"ti_ban",0,5,27025,4503.37110383942,28.8381517275676
693,"ti_mal",0,5,189560,6732.44533717429,20.0264915552184
693,"ti_lub",0,5,6434,37024.1910609305,89.0040827863158
693,"ti_ria",0,5,2187,30588.644435165,83.80888941
693,"ti_mok",0,5,680,41318.4193735263,110.000616578
693,"ti_ure",0,5,64,54738.0635073195,140.4365879
704,"to",0,9,1071785,253047.686147663,165.414092032529
704,"ti_ban",0,9,27025,9076.680878956,14.1027561397297
704,"ti_mal",0,9,189560,15792.4273502662,25.4140920325287
704,"ti_lub",1,9,6434,45616.0887787861,92.1791366657895
704,"ti_ria",0,9,2187,34309.9570117884,58.8116106315385
704,"ti_mok",0,9,680,46819.0776001873,102.397619258
704,"ti_ure",0,9,64,60545.5691556523,145.1438423
734,"to",2,37,1071785,252486.850389366,155.839012575897
734,"ti_ban",1,37,27025,21153.0459114557,35.6275548686486
734,"ti_mal",0,37,189560,15620.7269162279,15.8390125758966
734,"ti_lub",2,37,6434,26074.7032772252,59.7077916242105
734,"ti_ria",0,37,2187,31660.7017593298,69.6176519603846
734,"ti_mok",0,37,680,36883.8232767318,80.70432543
734,"ti_ure",1,37,64,48225.4658876152,111.1402968
735,"to",1,165,1071785,251619.847503015,154.349093885195
735,"ti_ban",0,165,27025,20179.713487141,33.9903106118919
735,"ti_mal",0,165,189560,14720.1936161022,14.3490938851954
735,"ti_lub",0,165,6434,26430.1053052181,59.3401165073684
735,"ti_ria",0,165,2187,31280.4032964977,69.1034880969231
735,"ti_mok",0,165,680,36859.1336860871,80.336650314
735,"ti_ure",0,165,64,48380.3765434162,110.7726217
736,"to",0,25,1071785,250770.18077087,171.677223067241
736,"ti_ban",0,25,27025,19208.9824147189,51.5156750435135
736,"ti_mal",0,25,189560,13833.1386653493,31.6772230672414
736,"ti_lub",1,25,6434,26818.0164683827,78.5214511613158
736,"ti_ria",0,25,2187,30927.69918412,88.0937492630769
736,"ti_mok",0,25,680,36861.5049009998,99.51798495
736,"ti_ure",0,25,64,48555.3478580529,129.9539563
764,"to",1,86,1071785,254370.881861542,191.579170295402
764,"ti_ban",0,86,27025,10402.1518263604,37.461047302973
764,"ti_mal",4,86,189560,17086.9778056089,51.5791702954023
764,"ti_lub",0,86,6434,45908.6674752403,117.413774348947
764,"ti_ria",0,86,2187,33945.0605519884,80.5570961457692
764,"ti_mok",0,86,680,46624.2035868082,124.1431048
764,"ti_ure",0,86,64,60355.31621839,171.3089206
792,"to",3,247,1071785,253845.640630028,157.42540841954
792,"ti_ban",17,247,27025,22357.5970761172,37.5018861713513
792,"ti_mal",9,247,189560,16951.2774306393,17.4254084195402
792,"ti_lub",1,247,6434,24808.156187701,59.0636838947368
792,"ti_ria",0,247,2187,31168.4631385698,69.2641333461538
792,"ti_mok",0,247,680,35943.6146864126,80.0602177
792,"ti_ure",0,247,64,47104.6419215209,110.4961891
793,"to",2,141,1071785,252989.657198962,155.592247724241
793,"ti_ban",0,141,27025,21392.4402952325,35.5577651913514
793,"ti_mal",1,141,189560,16063.2451335838,15.5922477242414
793,"ti_lub",0,141,6434,25141.7962175665,57.7726619257895
793,"ti_ria",0,141,2187,30749.6524318468,67.897753805
793,"ti_mok",0,141,680,35890.4902662725,78.76919573
793,"ti_ure",0,141,64,47242.1114115067,109.2051671
794,"to",0,26,1071785,252150.692655154,156.082322769241
794,"ti_ban",0,26,27025,20430.5059876118,35.9254403091892
794,"ti_mal",1,26,189560,15188.9614099278,16.0823227692414
794,"ti_lub",0,26,6434,25510.2031136106,59.4099316605263
794,"ti_ria",0,26,2187,30357.9401692973,69.3885318473077
794,"ti_mok",0,26,680,35865.1175342926,80.406465456
794,"ti_ure",0,26,64,47400.2383996439,110.8424368
851,"to",1,17,1071785,254365.625028047,156.96784075746
851,"ti_ban",0,17,27025,22627.949260176,37.1252269224324
851,"ti_mal",0,17,189560,17416.7510600825,16.9678407574598
851,"ti_lub",3,17,6434,23867.144371648,57.1285545581579
851,"ti_ria",0,17,2187,30275.2500246191,67.5088274811538
851,"ti_mok",0,17,680,34951.833629744,78.125088354
851,"ti_ure",0,17,64,46118.8140983255,108.5610597
882,"to",0,198,1071785,255314.692409244,168.167288564023
882,"ti_ban",0,198,27025,11425.5952407637,13.4464245350811
882,"ti_mal",5,198,189560,17943.8867095843,28.167288564023
882,"ti_lub",0,198,6434,44878.190198919,92.3753407057895
882,"ti_ria",0,198,2187,32257.2579226908,51.8278927407692
882,"ti_mok",0,198,680,45069.2060990083,95.413901384
882,"ti_ure",0,198,64,58796.3720411747,144.7553257
910,"to",0,52,1071785,254924.809077956,160.082884418678
910,"ti_ban",0,52,27025,22938.2296124241,40.4425908651351
910,"ti_mal",2,52,189560,17925.3169996879,20.0828844186782
910,"ti_lub",0,52,6434,22930.6121437283,57.3109730255263
910,"ti_ria",0,52,2187,29388.5150966658,68.0441540342308
910,"ti_mok",0,52,680,33960.1873396352,78.30750683
910,"ti_ure",0,52,64,45133.3487916951,108.7434782
941,"to",1,254,1071785,255846.32970964,169.27307658069
941,"ti_ban",0,254,27025,12028.2353008646,13.7751723233513
941,"ti_mal",19,254,189560,18437.9144392627,29.2730765806897
941,"ti_lub",0,254,6434,44387.380827688,92.5746172005263
941,"ti_ria",0,254,2187,31426.532941335,50.7221047261538
941,"ti_mok",0,254,680,44304.6989119581,94.308113354
941,"ti_ure",0,254,64,58026.7393406452,143.6495376
969,"to",1,51,1071785,255519.718521597,158.943968842
969,"ti_ban",0,51,27025,23286.8421439783,39.3368174181081
969,"ti_mal",7,51,189560,18473.4166573235,18.943968842
969,"ti_lub",0,51,6434,21999.1314832806,53.9936097022895
969,"ti_ria",0,51,2187,28508.8627308238,64.8969130080769
969,"ti_mok",0,51,680,32968.6878498784,74.9901435
969,"ti_ure",0,51,64,44148.2701582545,105.4261149
970,"to",6,35,1071785,254742.838968179,158.539660557218
970,"ti_ban",0,35,27025,22361.7992616798,38.8751292416216
970,"ti_mal",2,35,189560,17662.0562306118,18.5396605572184
970,"ti_lub",0,35,6434,22374.7115491853,54.4553124827368
970,"ti_ria",0,35,2187,28050.3594106122,65.28758571
970,"ti_mok",0,35,680,32910.7629700513,75.451846278
970,"ti_ure",0,35,64,44294.9230691816,105.8878176
1000,"to",2,140,1071785,256413.596158858,171.208205196552
1000,"ti_ban",0,140,27025,12680.2596364102,15.0511536447027
1000,"ti_mal",14,140,189560,18971.2053480321,31.2082051965517
1000,"ti_lub",0,140,6434,43913.5919196342,93.4902340992106
1000,"ti_ria",2,140,2187,30605.5485821579,50.7919437546154
1000,"ti_mok",0,140,680,43549.4628157812,94.377952414
1000,"ti_ure",0,140,64,57264.0197850965,143.7193767
1027,"to",2,70,1071785,256919.376854162,160.45746032923
1027,"ti_ban",1,70,27025,24588.4159263514,40.9043005102703
1027,"ti_mal",0,70,189560,19862.2147979686,20.4574603292299
1027,"ti_lub",0,70,6434,20722.3600221527,52.4261266096053
1027,"ti_ria",1,70,2187,28137.7028642769,63.5705811603846
1027,"ti_mok",0,70,680,32068.0909411094,73.42266041
1027,"ti_ure",0,70,64,43036.2856961839,103.8586318
1028,"to",8,426,1071785,256147.092809008,159.998915756069
1028,"ti_ban",8,426,27025,23672.0934076853,40.4426050240541
1028,"ti_mal",6,426,189560,19057.6393859479,19.998915756069
1028,"ti_lub",6,426,6434,21073.3721446832,52.8878293900789
1028,"ti_ria",2,426,2187,27636.9691154037,63.9612532992308
1028,"ti_mok",0,426,680,31977.3486972785,73.884363188
1028,"ti_ure",0,426,64,43163.6045590761,104.3203345
1058,"to",2,168,1071785,256238.852229264,171.946340174483
1058,"ti_ban",0,168,27025,12698.8749630742,14.8085163768108
1058,"ti_mal",8,168,189560,18743.3103326133,31.9463401744828
1058,"ti_lub",1,168,6434,42567.8234965972,91.9040310973684
1058,"ti_ria",0,168,2187,29220.1938446172,48.0488484234615
1058,"ti_mok",0,168,680,42144.1761010688,91.634857054
1058,"ti_ure",0,168,64,55860.2459500695,140.9762813
1116,"to",2,233,1071785,256164.242429984,173.513823061724
1116,"ti_ban",0,233,27025,12872.6279845107,15.5287096394324
1116,"ti_mal",18,233,189560,18619.5361126965,33.5138230617241
1116,"ti_lub",0,233,6434,41226.27472224,91.3265324110526
1116,"ti_ria",3,233,2187,27837.2209432245,46.4813582434615
1116,"ti_mok",0,233,680,40739.1479815568,90.067366886
1116,"ti_ure",0,233,64,54456.7425017459,139.4087912
1175,"to",9,403,1071785,256869.279101819,175.909695323333
1175,"ti_ban",15,403,27025,13701.960988206,17.4585932248108
1175,"ti_mal",21,403,189560,19301.9549634617,35.9096953233333
1175,"ti_lub",0,403,6434,40788.4447238214,92.6576160205263
1175,"ti_ria",1,403,2187,27016.8805141617,47.3210009376923
1175,"ti_mok",0,403,680,39990.6920747587,90.907009582
1175,"ti_ure",0,403,64,53698.5090541468,140.2484339
1291,"to",0,3,1071785,257114.689366367,178.216335962874
1291,"ti_ban",0,3,27025,14577.1978285677,18.1981494741351
1291,"ti_mal",0,3,189560,19472.5432056935,38.2163359628736
1291,"ti_lub",0,3,6434,38140.9391004507,89.1572446552632
1291,"ti_ria",0,3,2187,24247.8755350795,41.7788453411538
1291,"ti_mok",0,3,680,37178.1213966754,85.364853978
1291,"ti_ure",0,3,64,50889.4162787662,134.7062783
1292,"to",5,330,1071785,257716.322219373,177.754611408736
1292,"ti_ban",0,330,27025,14970.8213740833,17.9286832108108
1292,"ti_mal",41,330,189560,20092.7389967846,37.7546114087356
1292,"ti_lub",2,330,6434,39054.7383190687,89.4002795592105
1292,"ti_ria",0,330,2187,24817.4013256386,42.2405986980769
1292,"ti_mok",0,330,680,37845.4500950481,85.82660734
1292,"ti_ure",0,330,64,51542.1284005159,135.1680316
1320,"to",0,25,1071785,261714.78647073,166.894911630218
1320,"ti_ban",0,25,27025,28620.3836067836,47.2643872202703
1320,"ti_mal",0,25,189560,24543.8989580317,26.8949116302184
1320,"ti_lub",0,25,6434,15373.0470813251,46.0178729667105
1320,"ti_ria",0,25,2187,25267.7006766854,57.4356933042308
1320,"ti_mok",0,25,680,27453.6162794915,66.970283606
1320,"ti_ure",0,25,64,37893.7768969546,97.40625497
1321,"to",6,246,1071785,261012.538926391,188.401252483448
1321,"ti_ban",3,246,27025,27765.3027730268,68.8160437524324
1321,"ti_mal",39,246,189560,23813.8112980731,48.4012524834483
1321,"ti_lub",0,246,6434,15716.5969753253,67.9807349584211
1321,"ti_ria",1,246,2187,24627.9547266104,80.6187142903846
1321,"ti_mok",1,246,680,27274.4943696683,90.15330461
1321,"ti_ure",0,246,64,37985.8179400312,120.589276
1407,"to",3,244,1071785,257736.201303025,181.351379705057
1407,"ti_ban",0,244,27025,15910.0359838765,20.3589294917297
1407,"ti_mal",22,244,189560,20041.8771876311,41.3513797050575
1407,"ti_lub",0,244,6434,35519.6620997961,87.3759691342105
1407,"ti_ria",1,244,2187,21491.6713580313,38.6438016003846
1407,"ti_mok",1,244,680,34366.4610954699,82.22981024
1407,"ti_ure",0,244,64,48081.3755957653,131.5712345
1408,"to",0,66,1071785,258228.636079017,180.889640716667
1408,"ti_ban",0,66,27025,16148.3940973391,20.0044385684054
1408,"ti_mal",6,66,189560,20548.1383094344,40.8896407166667
1408,"ti_lub",0,66,6434,36444.4566482066,87.6433030484211
1408,"ti_ria",0,66,2187,22041.9036834918,39.1055549546154
1408,"ti_mok",0,66,680,35030.3985542297,82.691563606
1408,"ti_ure",0,66,64,48730.7573258685,132.0329879
1438,"to",2,128,1071785,263146.399054608,176.266957147586
1438,"ti_ban",0,128,27025,29681.706709479,56.2722513832432
1438,"ti_mal",19,128,189560,25922.0131572687,36.2669571475862
1438,"ti_lub",0,128,6434,13500.8706578434,48.0600512876316
1438,"ti_ria",0,128,2187,23795.8969566084,59.2495067407692
1438,"ti_mok",0,128,680,25507.396594267,68.784097044
1438,"ti_ure",0,128,64,35912.1820069584,99.2200684
1439,"to",0,25,1071785,262482.998846471,170.674023540345
1439,"ti_ban",0,25,27025,28858.073164895,50.6793184456757
1439,"ti_mal",1,25,189560,25231.8179252532,30.6740235403448
1439,"ti_lub",0,25,6434,13890.8105772294,42.6787100628684
1439,"ti_ria",0,25,2187,23115.4412050869,53.6565813911538
1439,"ti_mok",0,25,680,25314.5056330061,63.191171694
1439,"ti_ure",0,25,64,36009.2924840247,93.62714306
1465,"to",0,22,1071785,258178.616392377,184.024698053678
1465,"ti_ban",0,22,27025,16715.3528388636,22.4191376745676
1465,"ti_mal",5,22,189560,20466.5913200139,44.0246980536781
1465,"ti_lub",0,22,6434,34220.7475329166,85.4879809281579
1465,"ti_ria",0,22,2187,20120.0183505385,35.97048325
1465,"ti_mok",0,22,680,32961.0474632118,79.556491902
1465,"ti_ure",0,22,64,46677.8107605089,128.8979162
1497,"to",0,11,1071785,263888.365987275,172.241569837816
1497,"ti_ban",0,11,27025,30247.4280538029,51.917641837027
1497,"ti_mal",0,11,189560,26639.9923735634,32.2415698378161
1497,"ti_lub",0,11,6434,12578.1397415364,41.4818054752895
1497,"ti_ria",0,11,2187,23089.0293987715,52.0890350973077
1497,"ti_mok",0,11,680,24536.8090341181,61.623625398
1497,"ti_ure",0,11,64,34921.6651074196,92.05959676
1498,"to",0,6,1071785,263243.435244786,171.779809323333
1498,"ti_ban",0,6,27025,29439.6174425292,51.5557222051351
1498,"ti_mal",0,6,189560,25968.8791157815,31.7798093233333
1498,"ti_lub",0,6,6434,12995.8007648596,41.8220558925526
1498,"ti_ria",0,6,2187,22387.0925391282,52.5508027503846
1498,"ti_mok",0,6,680,24336.2253856596,62.085393054
1498,"ti_ure",0,6,64,35021.5242590003,92.52136442
1524,"to",1,144,1071785,259084.999094167,185.130483835747
1524,"ti_ban",1,144,27025,17700.2737844794,23.3456068435946
1524,"ti_mal",19,144,189560,21368.5886991747,45.1304838357471
1524,"ti_lub",0,144,6434,33867.4732350732,84.5174946355263
1524,"ti_ria",0,144,2187,19278.8170627984,34.8646974663462
1524,"ti_mok",0,144,680,32215.889890242,78.450706116
1524,"ti_ure",0,144,64,45920.2125876275,127.7921304
1556,"to",0,6,1071785,264645.93909027,173.34735542
1556,"ti_ban",0,6,27025,30834.8250884677,52.7843386445946
1556,"ti_mal",0,6,189560,27375.2438717114,33.34735542
1556,"ti_lub",0,6,6434,11667.1378035857,40.7107636501316
1556,"ti_ria",0,6,2187,22403.9777427644,50.9832495130769
1556,"ti_mok",0,6,680,23568.1800931468,60.517839818
1556,"ti_ure",0,6,64,33931.3570488134,90.95381118
1557,"to",0,1,1071785,264018.822330712,193.842580275402
1557,"ti_ban",0,1,27025,30042.804409507,73.4604224264865
1557,"ti_mal",1,1,189560,26722.594850737,53.8425802754023
1557,"ti_lub",0,1,6434,12116.2482715186,61.5308183086842
1557,"ti_ria",0,1,2187,21679.8656376272,73.1514194319231
1557,"ti_mok",0,1,680,23359.2794640615,82.686009734
1557,"ti_ure",0,1,64,34034.124098313,113.1219811
1583,"to",0,36,1071785,259998.502408858,186.236269417931
1583,"ti_ban",0,36,27025,18686.1627229392,24.3318482304595
1583,"ti_mal",2,36,189560,22278.4228520731,46.236269417931
1583,"ti_lub",0,36,6434,33539.950591372,83.5281142897368
1583,"ti_ria",0,36,2187,18452.825756573,33.7589190127692
1583,"ti_mok",0,36,680,31484.4855578822,77.344927654
1583,"ti_ure",0,36,64,45171.7854815342,126.6863519
1673,"to",4,129,1071785,266817.901753475,176.020700767816
1673,"ti_ban",0,129,27025,32843.3696807195,54.6350229037838
1673,"ti_mal",20,129,189560,29530.7513777509,36.0207007678161
1673,"ti_lub",0,129,6434,9444.06100880548,39.1630373995263
1673,"ti_ria",0,129,2187,21896.4628922006,48.3099041638462
1673,"ti_mok",0,129,680,21908.8020741034,57.844494468
1673,"ti_ure",0,129,64,31873.2795438331,88.28046583
1729,"to",0,100,1071785,269513.177969444,181.899121986437
1729,"ti_ban",0,100,27025,35820.4592498631,59.1770999678379
1729,"ti_mal",5,100,189560,32273.6571841385,41.8991219864368
1729,"ti_lub",1,100,6434,7677.68929137487,39.8405129402368
1729,"ti_ria",0,100,2187,23831.6653993225,47.5716757892308
1729,"ti_mok",0,100,680,22061.3118211189,57.106266094
1729,"ti_ure",0,100,64,30832.7517035654,87.54223745
1757,"to",7,137,1071785,261895.416127089,191.58827959069
1757,"ti_ban",6,137,27025,21533.2000200383,29.4971303649459
1757,"ti_mal",36,137,189560,24158.3102509523,51.5882795906896
1757,"ti_lub",4,137,6434,29813.5110867992,78.4041259973684
1757,"ti_ria",2,137,2187,14316.4890289801,28.4069017155385
1757,"ti_mok",0,137,680,27259.6098849803,71.992910358
1757,"ti_ure",0,137,64,40953.2535680891,121.3343346
1759,"to",2,38,1071785,262446.069596222,190.015392624598
1759,"ti_ban",0,38,27025,21563.8041456128,27.9066945074865
1759,"ti_mal",11,38,189560,24713.5631531795,50.0153926245977
1759,"ti_lub",0,38,6434,31748.8425184516,80.626321955
1759,"ti_ria",0,38,2187,15456.4830550943,30.6290976751154
1759,"ti_mok",0,38,680,28657.8468554394,74.21510632
1759,"ti_ure",0,38,64,42295.8765496301,123.5565306
1790,"to",1,6,1071785,268997.074416711,178.694059522759
1790,"ti_ban",0,6,27025,34878.2164656623,56.2466189391892
1790,"ti_mal",4,6,189560,31695.8775616809,38.6940595227586
1790,"ti_lub",0,6,6434,7222.14061542158,37.7901856110526
1790,"ti_ria",0,6,2187,21607.2756672512,45.6365524696154
1790,"ti_mok",0,6,680,20357.6478412949,55.17114277
1790,"ti_ure",0,6,64,29839.1717651821,85.60711413
1815,"to",14,123,1071785,262649.720001181,193.155860435977
1815,"ti_ban",8,123,27025,22578.5282906116,31.0647112107027
1815,"ti_mal",38,123,189560,24913.1402764837,53.155860435977
1815,"ti_lub",7,123,6434,28602.3163400562,76.8365451463158
1815,"ti_ria",4,123,2187,12950.805452935,26.9599040095385
1815,"ti_mok",0,123,680,25851.5002968966,70.42532951
1815,"ti_ure",0,123,64,39547.4931565918,119.7667538
1847,"to",0,2,1071785,271022.486562456,180.723443289195
1847,"ti_ban",0,2,27025,37049.371002327,57.5981299905405
1847,"ti_mal",0,2,189560,33746.2471564811,40.7234432891954
1847,"ti_lub",0,2,6434,5706.05582894636,37.4505066830263
1847,"ti_ria",0,2,2187,22878.1140541604,44.5307749253846
1847,"ti_mok",0,2,680,20280.4847126839,54.065365228
1847,"ti_ure",0,2,64,28845.6970783462,84.50133659
1990,"to",6,117,1071785,265300.287848074,198.06046803046
1990,"ti_ban",2,117,27025,25761.0955833662,36.1350157527297
1990,"ti_mal",60,117,189560,27571.8047180428,58.0604680304598
1990,"ti_lub",6,117,6434,26081.6535780871,73.7712917723684
1990,"ti_ria",0,117,2187,9371.70492368227,24.4433454317308
1990,"ti_mok",0,117,680,22313.2967317232,67.360076138
1990,"ti_ure",0,117,64,35989.4988588998,116.7015004
2028,"to",10,28,1071785,271140.936214834,281.115116248276
2028,"ti_ban",0,28,27025,36179.7023257938,156.238827981081
2028,"ti_mal",19,28,189560,33738.2699467648,141.115116248276
2028,"ti_lub",0,28,6434,5529.27997903033,124.576612593947
2028,"ti_ria",0,28,2187,17993.5255846263,138.287742673077
2028,"ti_mok",0,28,680,15932.4263348062,147.82233296
2028,"ti_ure",0,28,64,26019.2684529221,178.2583043
2083,"to",4,302,1071785,274175.028505707,185.146600745977
2083,"ti_ban",0,302,27025,39692.2300606357,59.3125954194595
2083,"ti_mal",10,302,189560,36837.0183028379,45.146600745977
2083,"ti_lub",0,302,6434,1870.93287464022,35.3598925282368
2083,"ti_ria",0,302,2187,21401.9669546226,39.1840041857692
2083,"ti_mok",0,302,680,16858.4695054521,48.71859449
2083,"ti_ure",0,302,64,24872.1253004432,79.15456585
2087,"to",1,16,1071785,271994.660932218,262.443544310345
2087,"ti_ban",0,16,27025,36913.9190002052,133.6349101
2087,"ti_mal",10,16,189560,34579.9476543498,122.443544310345
2087,"ti_lub",0,16,6434,5125.73145648311,102.392586298684
2087,"ti_ria",0,16,2187,17617.865766871,108.330428681538
2087,"ti_mok",0,16,680,15001.12836223,117.865019
2087,"ti_ure",0,16,64,25032.0664886108,150.1810088
2132,"to",16,119,1071785,281443.88792469,230.344701168966
2132,"ti_ban",0,119,27025,47988.3471886486,104.510695837027
2132,"ti_mal",53,119,189560,44261.6978445443,90.3447011689655
2132,"ti_lub",0,119,6434,9162.22195974629,71.7632992073684
2132,"ti_ria",1,119,2187,30911.1081326873,84.3821046107692
2132,"ti_mok",0,119,680,23345.9411611523,93.91669492
2132,"ti_ure",0,119,64,26267.4460873223,123.2726372
2140,"to",0,2,1071785,276161.197863936,190.741933236207
2140,"ti_ban",0,2,27025,41827.1286169019,64.9079279097297
2140,"ti_mal",0,2,189560,38846.0365474594,50.7419332362069
2140,"ti_lub",0,2,6434,1328.3861888237,38.5361502524474
2140,"ti_ria",0,2,2187,23074.8227138635,44.7793366765385
2140,"ti_mok",0,2,680,17289.8707598838,54.31392698
2140,"ti_ure",0,2,64,24045.5138554331,83.96610758
2141,"to",3,301,1071785,275565.757699259,187.889938765862
2141,"ti_ban",0,301,27025,41101.2877363854,62.0559334394595
2141,"ti_mal",7,301,189560,38232.6125442495,47.8899387658621
2141,"ti_lub",0,301,6434,687.615057648121,36.7781808456842
2141,"ti_ria",1,301,2187,22103.1185139762,41.9273422088461
2141,"ti_mok",1,301,680,16648.1245394929,51.461932508
2141,"ti_ure",0,301,64,23941.5049041081,81.11411311
2143,"to",0,3,1071785,274425.90349838,186.714222515287
2143,"ti_ban",0,3,27025,39685.210550323,59.8032601397297
2143,"ti_mal",2,3,189560,37056.0989725345,46.7142225152874
2143,"ti_lub",0,3,6434,1968.86235854534,35.6081228983684
2143,"ti_ria",0,3,2187,20167.7035449657,37.6163824192308
2143,"ti_mok",0,3,680,15478.6582040754,47.15097272
2143,"ti_ure",0,3,64,23857.9551444706,77.58694408
2144,"to",1,101,1071785,273883.048960631,207.618165518736
2144,"ti_ban",0,101,27025,38996.2668586364,80.0757265370271
2144,"ti_mal",16,101,189560,36494.6318127032,67.6181655187356
2144,"ti_lub",0,101,6434,2927.7646097538,54.68926789
2144,"ti_ria",0,101,2187,19204.797783902,56.8514229584615
2144,"ti_mok",0,101,680,14959.8540009839,66.386013262
2144,"ti_ure",0,101,64,23878.8495481759,96.82198462
2152,"to",2,276,1071785,270299.488974224,364.215469152873
2152,"ti_ban",2,276,27025,34042.3196104472,225.093725872973
2152,"ti_mal",62,276,189560,32761.4610226736,224.215469152873
2152,"ti_lub",0,276,6434,10861.8631269804,200.336037610526
2152,"ti_ria",0,276,2187,11720.8420017796,190.209257061538
2152,"ti_mok",0,276,680,13012.2477836107,202.91444712
2152,"ti_ure",0,276,64,25495.8831759062,251.9529337
2198,"to",21,848,1071785,277557.344538506,198.969057507701
2198,"ti_ban",3,848,27025,43235.6353276712,73.1350521805406
2198,"ti_mal",104,848,189560,40246.1129244334,58.9690575077012
2198,"ti_lub",0,848,6434,2169.09124718673,44.1687286115789
2198,"ti_ria",1,848,2187,23852.0528658961,53.0064609492308
2198,"ti_mok",1,848,680,17258.6384672842,62.54105125
2198,"ti_ure",0,848,64,23210.5263985849,89.91097146
2199,"to",11,1050,1071785,276957.778657276,194.573467875402
2199,"ti_ban",2,1050,27025,42510.3683118223,68.218213392973
2199,"ti_mal",55,1050,189560,39629.180759313,54.5734678754023
2199,"ti_lub",6,1050,6434,1190.54169376083,40.6455002309211
2199,"ti_ria",0,1050,2187,22869.7295730963,47.0567613065385
2199,"ti_mok",0,1050,680,16555.5074713501,56.591351608
2199,"ti_ure",0,1050,64,23059.5156140112,83.89207096
2206,"to",1,67,1071785,273251.510595172,192.071858602988
2206,"ti_ban",0,67,27025,37784.620528877,60.9337872816216
2206,"ti_mal",30,67,189560,35796.5701462504,52.0718586029885
2206,"ti_lub",0,67,6434,5855.36620000984,38.3065094342369
2206,"ti_ria",0,67,2187,16051.1046040264,32.2587463307692
2206,"ti_mok",0,67,680,12788.3734007559,42.096221368
2206,"ti_ure",0,67,64,23210.420549929,79.8093231
2224,"to",9,44,1071785,269130.631571002,203.784905889885
2224,"ti_ban",1,44,27025,30014.3158576237,43.3958294894595
2224,"ti_mal",27,44,189560,31415.9410275527,63.7849058898851
2224,"ti_lub",2,44,6434,23829.2768014734,66.5104835389474
2224,"ti_ria",0,44,2187,4927.01740311671,18.9187663461923
2224,"ti_mok",0,44,680,18121.2370470601,60.099267904
2224,"ti_ure",0,44,64,31714.4973580567,109.4406922
2225,"to",2,27,1071785,269178.420661701,225.992238153103
2225,"ti_ban",0,27,27025,29842.0070445557,65.4027678454054
2225,"ti_mal",7,27,189560,31457.2318848691,85.9922381531034
2225,"ti_lub",0,27,6434,24828.10504555,89.7875221260526
2225,"ti_ria",0,27,2187,5501.88908474838,40.2587134757692
2225,"ti_mok",0,27,680,18881.1528993858,83.3763065
2225,"ti_ure",0,27,64,32414.8344297792,132.7177308
2246,"to",0,51,1071785,285703.143363052,234.371323736552
2246,"ti_ban",0,51,27025,52389.8450602516,108.627010868378
2246,"ti_mal",19,51,189560,48548.2529749154,94.3713237365517
2246,"ti_lub",6,51,6434,13199.2979044034,74.9810238218421
2246,"ti_ria",0,51,2187,34613.1027083322,88.6852789084615
2246,"ti_mok",0,51,680,25850.7034878673,98.21986922
2246,"ti_ure",0,51,64,26511.7429101135,128.6558406
2252,"to",21,602,1071785,281509.255672264,213.685064678506
2252,"ti_ban",5,602,27025,47642.383955831,87.8510593524324
2252,"ti_mal",171,602,189560,44266.2834251852,73.6850646785058
2252,"ti_lub",2,602,6434,7260.10593952937,56.3361777889474
2252,"ti_ria",0,602,2187,28651.2644057275,67.7224681215384
2252,"ti_mok",1,602,680,20586.4778308195,77.257058424
2252,"ti_ure",0,602,64,23646.1308254254,104.6269786
2258,"to",5,336,1071785,277762.950198155,222.051697087701
2258,"ti_ban",1,336,27025,43205.6764557999,95.6964426024324
2258,"ti_mal",44,336,189560,40421.5998360757,82.0516970877012
2258,"ti_lub",0,336,6434,1745.4466835159,66.6344634002632
2258,"ti_ria",0,336,2187,22706.3423495566,74.5349905192308
2258,"ti_mok",0,336,680,15849.4926475624,84.069580824
2258,"ti_ure",0,336,64,22074.2428929172,111.3703002
2306,"to",12,45,1071785,285671.791776718,268.646847255172
2306,"ti_ban",0,45,27025,52174.1438425325,142.902534391892
2306,"ti_mal",42,45,189560,48488.3857097724,128.646847255172
2306,"ti_lub",0,45,6434,12352.6027118868,107.452572419737
2306,"ti_ria",0,45,2187,33537.2982744052,122.960802430769
2306,"ti_mok",0,45,680,24528.0877812889,132.49539274
2306,"ti_ure",0,45,64,25128.365094574,162.9313641
2324,"to",10,276,1071785,275026.260604424,217.959681506552
2324,"ti_ban",6,276,27025,39355.3545164463,85.6704448881081
2324,"ti_mal",110,276,189560,37553.0540622948,77.9596815065517
2324,"ti_lub",3,276,6434,6286.54852808052,62.374403753421
2324,"ti_ria",1,276,2187,15643.4122463078,55.7907408630769
2324,"ti_mok",0,276,680,10943.5066062484,65.325311834
2324,"ti_ure",0,276,64,21254.7108828875,105.697146
2325,"to",1,108,1071785,274597.13578203,194.095963205402
2325,"ti_ban",0,108,27025,38763.5937032774,60.8620633
2325,"ti_mal",30,108,189560,37106.8063007626,54.0959632054023
2325,"ti_lub",1,108,6434,7224.90470358433,39.5439912973947
2325,"ti_ria",0,108,2187,14655.6087347835,30.2346610619231
2325,"ti_mok",0,108,680,10580.7561661799,39.76923203
2325,"ti_ure",0,108,64,21464.9749464974,81.83342771
2384,"to",0,6,1071785,275502.035653269,224.399333662529
2384,"ti_ban",0,6,27025,39574.7820486453,90.3601848113514
2384,"ti_mal",0,6,189560,38003.9197322407,84.3993336625287
2384,"ti_lub",0,6,6434,7601.42396750718,68.1031023473684
2384,"ti_ria",0,6,2187,14535.8286640266,59.1192595707692
2384,"ti_mok",0,6,680,9644.99034644376,68.653820908
2384,"ti_ure",0,6,64,20499.4983976985,112.1367982
2385,"to",0,8,1071785,275104.125067611,195.663618631724
2385,"ti_ban",0,8,27025,39011.9266174034,60.6502234386486
2385,"ti_mal",0,8,189560,37589.5725481167,55.6636186317241
2385,"ti_lub",0,8,6434,8512.11373000405,40.7442777217632
2385,"ti_ria",0,8,2187,13540.9176487255,28.6670152669231
2385,"ti_mok",0,8,680,9338.83641236723,38.201576604
2385,"ti_ure",0,8,64,20765.5526990851,83.40108313
2400,"to",1,62,1071785,272095.651323853,205.054593036897
2400,"ti_ban",0,62,27025,33134.0460582712,45.9993244113514
2400,"ti_mal",3,62,189560,34388.5143617844,65.0545930368966
2400,"ti_lub",5,62,6434,23066.446061818,61.9019319457895
2400,"ti_ria",0,62,2187,1962.55646635079,15.7624567535
2400,"ti_mok",0,62,680,15477.4850101415,55.49071631
2400,"ti_ure",0,62,64,28903.8110899942,104.8321406
2437,"to",0,28,1071785,279163.280030808,203.237704292988
2437,"ti_ban",0,28,27025,44033.9524588031,75.1404284332432
2437,"ti_mal",2,28,189560,41755.1363856871,63.2377042929885
2437,"ti_lub",0,28,6434,4382.31915227682,47.4704392227105
2437,"ti_ria",0,28,2187,20476.5535159726,51.0046071311538
2437,"ti_mok",0,28,680,12363.8454079701,60.539197432
2437,"ti_ure",0,28,64,18913.9542025749,61.0634623
2444,"to",0,36,1071785,276022.449305896,225.459214276322
2444,"ti_ban",0,36,27025,39842.8593354158,90.1574239740541
2444,"ti_mal",30,36,189560,38501.1009999454,85.4592142763218
2444,"ti_lub",0,36,6434,8945.11041170688,68.9209171860526
2444,"ti_ria",0,36,2187,13484.6576446047,57.9544861973077
2444,"ti_mok",0,36,680,8382.3411706673,66.576153518
2444,"ti_ure",0,36,64,19815.877560559,113.1966788
2445,"to",3,59,1071785,275655.387092765,197.23128074092
2445,"ti_ban",0,59,27025,39309.2265812713,60.9559679267568
2445,"ti_mal",8,59,189560,38118.3381696515,57.2312807409196
2445,"ti_lub",0,59,6434,9832.87038976144,42.1335508827105
2445,"ti_ria",0,59,2187,12485.90304239,28.0122471719231
2445,"ti_mok",0,59,680,8151.54357277172,36.633914494
2445,"ti_ure",0,59,64,20140.6083714922,84.96874524
2453,"to",2,80,1071785,273568.772247566,207.387342003678
2453,"ti_ban",5,80,27025,35765.0642665779,54.9489187837838
2453,"ti_mal",12,80,189560,35919.6198299069,67.3873420036782
2453,"ti_lub",1,80,6434,17375.1386088052,52.9523375713158
2453,"ti_ria",0,80,2187,4499.32115747529,16.3320180918846
2453,"ti_mok",0,80,680,10381.5300341342,46.541121938
2453,"ti_ure",0,80,64,24110.330361105,95.88254621
2456,"to",0,5,1071785,273207.621868737,208.323843845632
2456,"ti_ban",0,5,27025,34817.855452008,50.6228544205405
2456,"ti_mal",0,5,189560,35525.9641390327,68.3238438456322
2456,"ti_lub",0,5,6434,20292.3380957624,60.3838381036842
2456,"ti_ria",0,5,2187,1518.36063262302,16.099826048
2456,"ti_mok",0,5,680,12498.327510696,53.972622468
2456,"ti_ure",0,5,64,26079.0906107445,103.3140467
2457,"to",6,180,1071785,273141.076242788,206.720395297126
2457,"ti_ban",1,180,27025,34554.1302297493,48.6782112313513
2457,"ti_mal",37,180,189560,35450.0986567755,66.7203952971264
2457,"ti_lub",1,180,6434,21269.6564201985,59.87238331
2457,"ti_ria",0,180,2187,563.573422817742,14.8182167963846
2457,"ti_mok",0,180,680,13279.4632167738,53.461167674
2457,"ti_ure",0,180,64,26777.7570535111,102.8025919
2458,"to",1,70,1071785,273101.74446856,205.966714027471
2458,"ti_ban",3,70,27025,34317.4589987561,47.5669865213514
2458,"ti_mal",1,70,189560,35402.2603289287,65.9667140274713
2458,"ti_lub",0,70,6434,22248.8945408648,60.3342698381579
2458,"ti_ria",0,70,2187,570.65479225049,14.9183310023462
2458,"ti_mok",0,70,680,14088.1532844919,53.9230542
2458,"ti_ure",0,70,64,27494.9765822034,103.2644785
2493,"to",6,375,1071785,281605.120106359,435.155212222988
2493,"ti_ban",0,375,27025,46766.249609484,307.057936364865
2493,"ti_mal",35,375,189560,44234.4279874313,295.155212222988
2493,"ti_lub",1,375,6434,5710.9759774189,264.042438886842
2493,"ti_ria",1,375,2187,23483.0460857284,282.922115057692
2493,"ti_mok",0,375,680,14255.9979686661,292.45670536
2493,"ti_ure",0,375,64,18334.3252101608,287.4520592
2495,"to",0,224,1071785,280531.101237047,238.420172616782
2495,"ti_ban",0,224,27025,45438.897286652,110.322896762703
2495,"ti_mal",11,224,189560,43129.0996368769,98.4201726167816
2495,"ti_lub",0,224,6434,5294.86454553365,78.8039921768421
2495,"ti_ria",0,224,2187,21486.1210250812,86.1870754538462
2495,"ti_mok",0,224,680,12556.9121271602,95.721665748
2495,"ti_ure",0,224,64,18004.6955262177,90.7170196
2496,"to",1,482,1071785,280018.598721365,206.002159805862
2496,"ti_ban",0,482,27025,44793.8844753084,77.9048839472973
2496,"ti_mal",12,482,189560,42600.8159959662,66.002159805862
2496,"ti_lub",1,482,6434,5360.92677700775,49.7984017621842
2496,"ti_ria",0,482,2187,20487.7365144077,53.7690626415385
2496,"ti_mok",0,482,680,11742.7203934571,63.303652948
2496,"ti_ure",0,482,64,17921.3360248999,58.29900679
2512,"to",3,104,1071785,274550.299340672,207.594337842874
2512,"ti_ban",0,104,27025,36696.5360874192,54.4924843027027
2512,"ti_mal",10,104,189560,36899.2125045302,67.5943378428735
2512,"ti_lub",0,104,6434,17647.4570927313,53.408791248421
2512,"ti_ria",0,104,2187,4549.53544313957,15.7891680958462
2512,"ti_mok",0,104,680,9633.42021021945,46.997575612
2512,"ti_ure",0,104,64,23339.8220622628,96.33899988
2514,"to",8,40,1071785,274289.723340031,208.900619353563
2514,"ti_ban",0,40,27025,36056.4671513854,53.4457626448649
2514,"ti_mal",6,40,189560,36617.0237442043,68.9006193535632
2514,"ti_lub",0,40,6434,19562.5498359775,56.4646663147368
2514,"ti_ria",0,40,2187,2596.78933127596,15.3229850066154
2514,"ti_mok",0,40,680,11094.8244791875,50.053450678
2514,"ti_ure",0,40,64,24670.3411901071,99.39487495
2515,"to",5,66,1071785,274198.571140635,208.248319587816
2515,"ti_ban",0,66,27025,35773.9881025126,51.07931526
2515,"ti_mal",6,66,189560,36516.1129153671,68.2483195878161
2515,"ti_lub",0,66,6434,20526.0148908031,58.8311137010526
2515,"ti_ria",0,66,2187,1661.21426586992,14.8988329093077
2515,"ti_mok",0,66,680,11884.245611575,52.419898062
2515,"ti_ure",0,66,64,25368.4692462809,101.7613223
2570,"to",1,24,1071785,275697.111909294,210.337769763563
2570,"ti_ban",0,24,27025,37978.7395775597,57.2359162237838
2570,"ti_mal",2,24,189560,38055.5741129384,70.3377697635632
2570,"ti_lub",0,24,6434,17038.469363248,56.1522231663158
2570,"ti_ria",0,24,2187,5753.29219721139,18.1105335673846
2570,"ti_mok",0,24,680,8225.17252448855,49.741007534
2570,"ti_ure",0,24,64,21936.6747186051,99.08243181
2572,"to",0,58,1071785,275392.834461672,207.890472734253
2572,"ti_ban",0,58,27025,37307.1928207886,52.9248184381081
2572,"ti_mal",6,58,189560,37729.1731284463,67.8904727342529
2572,"ti_lub",1,58,6434,18909.7634870881,54.976466675
2572,"ti_ria",0,58,2187,3892.74994483966,14.7488490409231
2572,"ti_mok",0,58,680,9692.99113960347,48.56525104
2572,"ti_ure",0,58,64,23261.6502831249,97.90667531
2573,"to",8,301,1071785,275278.498910871,207.832541393793
2573,"ti_ban",2,301,27025,37007.303813937,51.8135745808108
2573,"ti_mal",34,301,189560,37604.7236231568,67.8325413937931
2573,"ti_lub",0,301,6434,19854.6636128603,56.0876817765789
2573,"ti_ria",1,301,2187,3028.84467345104,14.0982849378462
2573,"ti_mok",0,301,680,10492.7787816165,49.67646614
2573,"ti_ure",0,301,64,23959.1739615375,99.01789041
2574,"to",0,29,1071785,275189.680468207,207.507160254483
2574,"ti_ban",0,29,27025,36732.1344178366,50.7023307237838
2574,"ti_mal",0,29,189560,37506.468679559,67.5071602544828
2574,"ti_lub",0,29,6434,20804.6136662735,57.1989256355263
2574,"ti_ria",0,29,2187,2278.19648838682,13.8807214922308
2574,"ti_mok",0,29,680,11324.2548599134,50.787709998
2574,"ti_ure",0,29,64,24677.4363339021,100.1291343
2629,"to",0,10,1071785,276675.829522391,212.660328810345
2629,"ti_ban",0,10,27025,38908.0135606186,58.7887001337838
2629,"ti_mal",0,10,189560,39032.1961762795,72.6603288103448
2629,"ti_lub",0,10,6434,17429.8359536636,58.9166777265789
2629,"ti_ria",0,10,2187,6124.33838717001,19.7269936136538
2629,"ti_mok",0,10,680,7525.46829715278,52.505462088
2629,"ti_ure",0,10,64,21180.4016546346,101.8468864
2632,"to",0,15,1071785,276267.538749882,209.464752966782
2632,"ti_ban",0,15,27025,37960.3551184485,53.4457742548649
2632,"ti_mal",1,15,189560,38592.7502598613,69.4647529667816
2632,"ti_lub",0,15,6434,20191.5414047494,57.7199102078947
2632,"ti_ria",0,15,2187,3685.21615396892,15.168501362
2632,"ti_mok",0,15,680,9953.7950043513,51.296270354
2632,"ti_ure",0,15,64,23268.7487226797,100.6501188
2635,"to",0,35,1071785,276083.026715058,213.028737165402
2635,"ti_ban",0,35,27025,37230.3797393539,56.2239076345946
2635,"ti_mal",5,35,189560,38382.8812524522,73.0287371654023
2635,"ti_lub",0,35,6434,23012.1613486794,62.7205025444737
2635,"ti_ria",0,35,2187,2759.93122245036,17.4255682486923
2635,"ti_mok",0,35,680,12628.8421739114,55.989614888
2635,"ti_ure",0,35,64,25538.7134270637,105.6507112
2693,"to",3,109,1071785,277112.293974348,213.015057862529
2693,"ti_ban",0,109,27025,38416.4750954932,56.2102283318919
2693,"ti_mal",8,109,189560,39419.493762276,73.0150578625288
2693,"ti_lub",0,109,6434,22414.5293631977,62.7068232415789
2693,"ti_ria",0,109,2187,3740.638767089,16.9046393484615
2693,"ti_mok",0,109,680,11327.4638799118,54.000439544
2693,"ti_ure",0,109,64,24138.5374653035,105.6370319
2694,"to",23,355,1071785,277076.816887728,214.169825332414
2694,"ti_ban",1,355,27025,38203.7281762015,57.3649958013513
2694,"ti_mal",33,355,189560,39376.474065147,74.1698253324138
2694,"ti_lub",3,355,6434,23345.8282450364,63.8615907123684
2694,"ti_ria",0,355,2187,3741.71108701974,17.9775668483077
2694,"ti_mok",0,355,680,12265.5700679942,56.129240832
2694,"ti_ure",0,355,64,24931.8267594461,106.7917993
2859,"to",0,2,1071785,281929.62902486,244.835367706897
2859,"ti_ban",0,2,27025,44932.8854164754,107.418720748919
2859,"ti_mal",1,2,189560,44345.4634264521,104.835367706897
2859,"ti_lub",0,2,6434,14953.4216102891,89.6859799371053
2859,"ti_ria",0,2,2187,13290.8483808396,70.8283345376923
2859,"ti_mok",0,2,680,1146.43537128066,34.159091074
2859,"ti_ure",0,2,64,14359.0524692186,132.5728322
2860,"to",0,4,1071785,281655.035184637,217.716225456322
2860,"ti_ban",0,4,27025,44505.209354587,80.2995785032433
2860,"ti_mal",0,4,189560,44058.8399740769,77.7162254563219
2860,"ti_lub",0,4,6434,15629.0733211021,62.5668376873684
2860,"ti_ria",0,4,2187,12437.7958022727,43.2391244457692
2860,"ti_mok",0,4,680,1220.8366669174,16.9637540356
2860,"ti_ure",0,4,64,14938.2461563995,105.45369
2871,"to",2,36,1071785,280058.261552593,286.347239573563
2871,"ti_ban",0,36,27025,41129.7177924492,129.542410043243
2871,"ti_mal",4,36,189560,42357.3841505941,146.347239573563
2871,"ti_lub",0,36,6434,24561.9663377718,136.039004954211
2871,"ti_ria",0,36,2187,6708.79300607776,84.4428963388461
2871,"ti_mok",0,36,680,11626.346439617,127.47478006
2871,"ti_ure",0,36,64,23271.537081634,178.9692136
2918,"to",12,398,1071785,282883.330187939,257.519673093333
2918,"ti_ban",0,398,27025,45828.9956061026,120.103026137297
2918,"ti_mal",129,398,189560,45295.5725133558,117.519673093333
2918,"ti_lub",8,398,6434,15715.4414706141,102.370285333421
2918,"ti_ria",0,398,2187,13817.9764186096,82.1779745453846
2918,"ti_mok",0,398,680,418.334206243571,36.323529032
2918,"ti_ure",0,398,64,13544.5426878244,145.2571376
2919,"to",10,218,1071785,282614.423869345,223.245129340115
2919,"ti_ban",0,218,27025,45409.7553401403,85.8284823889189
2919,"ti_mal",65,218,189560,45014.995635046,83.245129340115
2919,"ti_lub",8,218,6434,16359.6572322031,68.0957415728947
2919,"ti_ria",1,218,2187,12999.5527238908,47.4905722311538
2919,"ti_mok",0,218,680,592.565898643118,15.8629294524
2919,"ti_ure",0,218,64,14157.1050719761,110.9825938
2978,"to",6,58,1071785,283575.254300819,226.009580577356
2978,"ti_ban",0,58,27025,46317.9707295658,88.5929336237838
2978,"ti_mal",24,58,189560,45972.7593891048,86.0095805773563
2978,"ti_lub",2,58,6434,17116.8106720256,70.8601928097368
2978,"ti_ria",0,58,2187,13610.8161504716,49.8165265407692
2978,"ti_mok",0,58,680,1090.03945024066,17.5216001956
2978,"ti_ure",0,58,64,13404.1943840766,113.7470451
2985,"to",10,106,1071785,282303.382794785,229.970756688851
2985,"ti_ban",0,106,27025,43971.2070267782,73.9517779756757
2985,"ti_mal",17,106,189560,44631.7155914597,89.9707566888506
2985,"ti_lub",0,106,6434,22215.2007829587,78.225913928421
2985,"ti_ria",1,106,2187,9354.42654114202,30.0093454493461
2985,"ti_mok",0,106,680,7636.34259127575,37.959678852
2985,"ti_ure",0,106,64,18824.3013788506,121.1561226
3104,"to",1,53,1071785,284187.389166924,269.199633136782
3104,"ti_ban",0,53,27025,45647.778890405,113.18065442973
3104,"ti_mal",7,53,189560,46506.2221182592,129.199633136782
3104,"ti_lub",0,53,6434,24223.3898820256,117.454790377368
3104,"ti_ria",0,53,2187,10953.7214664933,65.5552029265384
3104,"ti_mok",0,53,680,9058.89516445534,78.811985238
3104,"ti_ure",0,53,64,18754.3319346927,160.384999
3105,"to",0,1,1071785,284115.212901255,237.809411948276
3105,"ti_ban",0,1,27025,45424.9568496032,81.7904332378378
3105,"ti_mal",0,1,189560,46426.7973569064,97.8094119482759
3105,"ti_lub",0,1,6434,25007.9976411069,86.0645691886842
3105,"ti_ria",0,1,2187,10770.3243581292,36.5796141351154
3105,"ti_mok",0,1,680,10010.2666074883,47.421764044
3105,"ti_ure",0,1,64,19663.7190930374,128.9947778
3559,"to",0,64,1071785,295795.362648597,264.301166591954
3559,"ti_ban",0,64,27025,59188.5307150235,136.203890732432
3559,"ti_mal",3,64,189560,58254.3170144317,124.301166591954
3559,"ti_lub",2,64,6434,23260.0522190232,108.097408555789
3559,"ti_ria",0,64,2187,26944.9863360337,112.068069433462
3559,"ti_mok",0,64,680,13731.113332775,121.60265974
